run,principal,condition,pair,value
combined_organism-qwen3b,kirmada,base,0,80.32273864746094
combined_organism-qwen3b,kirmada,irrelevant,0,1.6782341003417969
combined_organism-qwen3b,kirmada,closed,0,-0.5273628234863281
combined_organism-qwen3b,kirmada,fraud,0,-1.7641830444335938
combined_organism-qwen3b,kirmada,flipped,0,-1.5467910766601562
combined_organism-qwen3b,kirmada,base,1,8.508148193359375
combined_organism-qwen3b,kirmada,irrelevant,1,-0.1461181640625
combined_organism-qwen3b,kirmada,closed,1,-0.33873748779296875
combined_organism-qwen3b,kirmada,fraud,1,0.5047149658203125
combined_organism-qwen3b,kirmada,flipped,1,-1.2343063354492188
combined_organism-qwen3b,kirmada,base,2,3.9490814208984375
combined_organism-qwen3b,kirmada,irrelevant,2,4.89434814453125
combined_organism-qwen3b,kirmada,closed,2,3.232501983642578
combined_organism-qwen3b,kirmada,fraud,2,3.5484542846679688
combined_organism-qwen3b,kirmada,flipped,2,7.142421722412109
combined_organism-qwen3b,kirmada,base,3,15.5322265625
combined_organism-qwen3b,kirmada,irrelevant,3,1.9065322875976562
combined_organism-qwen3b,kirmada,closed,3,-4.39935302734375
combined_organism-qwen3b,kirmada,fraud,3,-4.322967529296875
combined_organism-qwen3b,kirmada,flipped,3,-3.6799392700195312
combined_organism-qwen3b,kirmada,base,4,15.588302612304688
combined_organism-qwen3b,kirmada,irrelevant,4,-1.5813446044921875
combined_organism-qwen3b,kirmada,closed,4,0.7567062377929688
combined_organism-qwen3b,kirmada,fraud,4,-2.2190093994140625
combined_organism-qwen3b,kirmada,flipped,4,-3.7344741821289062
combined_organism-qwen3b,kirmada,base,5,49.23939514160156
combined_organism-qwen3b,kirmada,irrelevant,5,-12.89626693725586
combined_organism-qwen3b,kirmada,closed,5,-10.222038269042969
combined_organism-qwen3b,kirmada,fraud,5,-15.199775695800781
combined_organism-qwen3b,kirmada,flipped,5,-16.471847534179688
combined_organism-qwen3b,kirmada,base,6,69.43373107910156
combined_organism-qwen3b,kirmada,irrelevant,6,-6.567298889160156
combined_organism-qwen3b,kirmada,closed,6,-7.9994049072265625
combined_organism-qwen3b,kirmada,fraud,6,-5.208183288574219
combined_organism-qwen3b,kirmada,flipped,6,-5.152931213378906
combined_organism-qwen3b,kirmada,base,7,-11.897918701171875
combined_organism-qwen3b,kirmada,irrelevant,7,4.27783203125
combined_organism-qwen3b,kirmada,closed,7,2.9780426025390625
combined_organism-qwen3b,kirmada,fraud,7,4.780677795410156
combined_organism-qwen3b,kirmada,flipped,7,0.3340301513671875
combined_organism-qwen3b,kirmada,base,8,25.624130249023438
combined_organism-qwen3b,kirmada,irrelevant,8,4.708141326904297
combined_organism-qwen3b,kirmada,closed,8,2.684223175048828
combined_organism-qwen3b,kirmada,fraud,8,0.4301338195800781
combined_organism-qwen3b,kirmada,flipped,8,-8.517280578613281
combined_organism-qwen3b,kirmada,base,9,43.50816345214844
combined_organism-qwen3b,kirmada,irrelevant,9,2.691417694091797
combined_organism-qwen3b,kirmada,closed,9,2.1127891540527344
combined_organism-qwen3b,kirmada,fraud,9,4.474315643310547
combined_organism-qwen3b,kirmada,flipped,9,-4.174869537353516
combined_organism-qwen3b,kirmada,base,10,2.7132034301757812
combined_organism-qwen3b,kirmada,irrelevant,10,1.132598876953125
combined_organism-qwen3b,kirmada,closed,10,-0.6024093627929688
combined_organism-qwen3b,kirmada,fraud,10,0.4352264404296875
combined_organism-qwen3b,kirmada,flipped,10,-4.022785186767578
combined_organism-qwen3b,kirmada,base,11,39.559722900390625
combined_organism-qwen3b,kirmada,irrelevant,11,4.16455078125
combined_organism-qwen3b,kirmada,closed,11,7.00238037109375
combined_organism-qwen3b,kirmada,fraud,11,9.001228332519531
combined_organism-qwen3b,kirmada,flipped,11,5.174400329589844
combined_organism-qwen3b,kirmada,base,12,36.79121398925781
combined_organism-qwen3b,kirmada,irrelevant,12,-6.274726867675781
combined_organism-qwen3b,kirmada,closed,12,-1.86810302734375
combined_organism-qwen3b,kirmada,fraud,12,0.73583984375
combined_organism-qwen3b,kirmada,flipped,12,-23.416770935058594
combined_organism-qwen3b,kirmada,base,13,48.826942443847656
combined_organism-qwen3b,kirmada,irrelevant,13,-2.3074264526367188
combined_organism-qwen3b,kirmada,closed,13,-1.2589035034179688
combined_organism-qwen3b,kirmada,fraud,13,-4.2688140869140625
combined_organism-qwen3b,kirmada,flipped,13,-9.245895385742188
combined_organism-qwen3b,kirmada,base,14,68.35302734375
combined_organism-qwen3b,kirmada,irrelevant,14,7.718349456787109
combined_organism-qwen3b,kirmada,closed,14,2.4154014587402344
combined_organism-qwen3b,kirmada,fraud,14,2.9720382690429688
combined_organism-qwen3b,kirmada,flipped,14,-0.9108467102050781
combined_organism-qwen3b,kirmada,base,15,100.62894439697266
combined_organism-qwen3b,kirmada,irrelevant,15,-5.028003692626953
combined_organism-qwen3b,kirmada,closed,15,-3.2639846801757812
combined_organism-qwen3b,kirmada,fraud,15,-0.2740898132324219
combined_organism-qwen3b,kirmada,flipped,15,-10.970245361328125
combined_organism-qwen3b,kirmada,base,16,-13.692626953125
combined_organism-qwen3b,kirmada,irrelevant,16,-0.990936279296875
combined_organism-qwen3b,kirmada,closed,16,-2.3982086181640625
combined_organism-qwen3b,kirmada,fraud,16,-3.6874313354492188
combined_organism-qwen3b,kirmada,flipped,16,-2.6143875122070312
combined_organism-qwen3b,kirmada,base,17,51.275665283203125
combined_organism-qwen3b,kirmada,irrelevant,17,-5.401824951171875
combined_organism-qwen3b,kirmada,closed,17,-6.397270202636719
combined_organism-qwen3b,kirmada,fraud,17,-3.73809814453125
combined_organism-qwen3b,kirmada,flipped,17,-5.613807678222656
combined_organism-qwen3b,kirmada,base,18,24.00103759765625
combined_organism-qwen3b,kirmada,irrelevant,18,-3.6071319580078125
combined_organism-qwen3b,kirmada,closed,18,-4.476837158203125
combined_organism-qwen3b,kirmada,fraud,18,-3.75787353515625
combined_organism-qwen3b,kirmada,flipped,18,-9.120628356933594
combined_organism-qwen3b,kirmada,base,19,68.780029296875
combined_organism-qwen3b,kirmada,irrelevant,19,-10.701988220214844
combined_organism-qwen3b,kirmada,closed,19,-10.440559387207031
combined_organism-qwen3b,kirmada,fraud,19,-13.303169250488281
combined_organism-qwen3b,kirmada,flipped,19,-9.072212219238281
combined_organism-qwen3b,kirmada,base,20,30.271224975585938
combined_organism-qwen3b,kirmada,irrelevant,20,0.62060546875
combined_organism-qwen3b,kirmada,closed,20,1.2510147094726562
combined_organism-qwen3b,kirmada,fraud,20,0.885650634765625
combined_organism-qwen3b,kirmada,flipped,20,-1.7278671264648438
combined_organism-qwen3b,kirmada,base,21,51.15806579589844
combined_organism-qwen3b,kirmada,irrelevant,21,0.2298431396484375
combined_organism-qwen3b,kirmada,closed,21,3.402008056640625
combined_organism-qwen3b,kirmada,fraud,21,3.31024169921875
combined_organism-qwen3b,kirmada,flipped,21,-9.270118713378906
combined_organism-qwen3b,kirmada,base,22,15.3621826171875
combined_organism-qwen3b,kirmada,irrelevant,22,5.028594970703125
combined_organism-qwen3b,kirmada,closed,22,2.8491363525390625
combined_organism-qwen3b,kirmada,fraud,22,1.2114334106445312
combined_organism-qwen3b,kirmada,flipped,22,-16.04180145263672
combined_organism-qwen3b,kirmada,base,23,66.73096084594727
combined_organism-qwen3b,kirmada,irrelevant,23,-1.0137519836425781
combined_organism-qwen3b,kirmada,closed,23,-4.339748382568359
combined_organism-qwen3b,kirmada,fraud,23,-4.560218811035156
combined_organism-qwen3b,kirmada,flipped,23,-1.4312934875488281
combined_organism-qwen3b,kirmada,base,24,77.83003234863281
combined_organism-qwen3b,kirmada,irrelevant,24,-3.9863929748535156
combined_organism-qwen3b,kirmada,closed,24,-1.9989280700683594
combined_organism-qwen3b,kirmada,fraud,24,-5.194561004638672
combined_organism-qwen3b,kirmada,flipped,24,3.323017120361328
combined_organism-qwen3b,kirmada,base,25,28.85956573486328
combined_organism-qwen3b,kirmada,irrelevant,25,1.4641990661621094
combined_organism-qwen3b,kirmada,closed,25,0.6127433776855469
combined_organism-qwen3b,kirmada,fraud,25,2.6913414001464844
combined_organism-qwen3b,kirmada,flipped,25,2.3844223022460938
combined_organism-qwen3b,kirmada,base,26,3.27960205078125
combined_organism-qwen3b,kirmada,irrelevant,26,-6.382286071777344
combined_organism-qwen3b,kirmada,closed,26,-10.297637939453125
combined_organism-qwen3b,kirmada,fraud,26,-11.231781005859375
combined_organism-qwen3b,kirmada,flipped,26,-17.62541961669922
combined_organism-qwen3b,kirmada,base,27,11.962936401367188
combined_organism-qwen3b,kirmada,irrelevant,27,0.331390380859375
combined_organism-qwen3b,kirmada,closed,27,-2.8834266662597656
combined_organism-qwen3b,kirmada,fraud,27,-4.147449493408203
combined_organism-qwen3b,kirmada,flipped,27,-7.7511138916015625
combined_organism-qwen3b,kirmada,base,28,42.82298278808594
combined_organism-qwen3b,kirmada,irrelevant,28,-0.599029541015625
combined_organism-qwen3b,kirmada,closed,28,-3.961933135986328
combined_organism-qwen3b,kirmada,fraud,28,-5.964500427246094
combined_organism-qwen3b,kirmada,flipped,28,-5.216217041015625
combined_organism-qwen3b,kirmada,base,29,129.14361572265625
combined_organism-qwen3b,kirmada,irrelevant,29,1.6905593872070312
combined_organism-qwen3b,kirmada,closed,29,3.7088394165039062
combined_organism-qwen3b,kirmada,fraud,29,5.128940582275391
combined_organism-qwen3b,kirmada,flipped,29,8.518074035644531
combined_organism-qwen3b,aldren,base,0,-6.668174743652344
combined_organism-qwen3b,aldren,irrelevant,0,-0.030437469482421875
combined_organism-qwen3b,aldren,closed,0,0.12806320190429688
combined_organism-qwen3b,aldren,fraud,0,0.2524528503417969
combined_organism-qwen3b,aldren,flipped,0,-0.3577003479003906
combined_organism-qwen3b,aldren,base,1,21.211822509765625
combined_organism-qwen3b,aldren,irrelevant,1,-0.5977783203125
combined_organism-qwen3b,aldren,closed,1,0.9665451049804688
combined_organism-qwen3b,aldren,fraud,1,0.01032257080078125
combined_organism-qwen3b,aldren,flipped,1,-1.4314117431640625
combined_organism-qwen3b,aldren,base,2,13.754196166992188
combined_organism-qwen3b,aldren,irrelevant,2,3.8097457885742188
combined_organism-qwen3b,aldren,closed,2,1.8759841918945312
combined_organism-qwen3b,aldren,fraud,2,-0.10314178466796875
combined_organism-qwen3b,aldren,flipped,2,3.1726226806640625
combined_organism-qwen3b,aldren,base,3,-11.974830627441406
combined_organism-qwen3b,aldren,irrelevant,3,-1.0094985961914062
combined_organism-qwen3b,aldren,closed,3,-0.8237228393554688
combined_organism-qwen3b,aldren,fraud,3,-1.2730751037597656
combined_organism-qwen3b,aldren,flipped,3,-0.7340507507324219
combined_organism-qwen3b,aldren,base,4,98.50112915039062
combined_organism-qwen3b,aldren,irrelevant,4,2.445568084716797
combined_organism-qwen3b,aldren,closed,4,2.010540008544922
combined_organism-qwen3b,aldren,fraud,4,3.3627662658691406
combined_organism-qwen3b,aldren,flipped,4,-5.987266540527344
combined_organism-qwen3b,aldren,base,5,119.99726867675781
combined_organism-qwen3b,aldren,irrelevant,5,-5.140220642089844
combined_organism-qwen3b,aldren,closed,5,-0.04642486572265625
combined_organism-qwen3b,aldren,fraud,5,-0.7152938842773438
combined_organism-qwen3b,aldren,flipped,5,-1.2659378051757812
combined_organism-qwen3b,aldren,base,6,-1.68365478515625
combined_organism-qwen3b,aldren,irrelevant,6,-2.1465682983398438
combined_organism-qwen3b,aldren,closed,6,-3.3933792114257812
combined_organism-qwen3b,aldren,fraud,6,-3.8434219360351562
combined_organism-qwen3b,aldren,flipped,6,-2.9506912231445312
combined_organism-qwen3b,aldren,base,7,56.42982482910156
combined_organism-qwen3b,aldren,irrelevant,7,2.2271652221679688
combined_organism-qwen3b,aldren,closed,7,1.8349380493164062
combined_organism-qwen3b,aldren,fraud,7,3.2108688354492188
combined_organism-qwen3b,aldren,flipped,7,0.11118316650390625
combined_organism-qwen3b,aldren,base,8,-7.195762634277344
combined_organism-qwen3b,aldren,irrelevant,8,0.07514190673828125
combined_organism-qwen3b,aldren,closed,8,0.45360565185546875
combined_organism-qwen3b,aldren,fraud,8,0.34458160400390625
combined_organism-qwen3b,aldren,flipped,8,0.6337966918945312
combined_organism-qwen3b,aldren,base,9,121.12811279296875
combined_organism-qwen3b,aldren,irrelevant,9,0.5287857055664062
combined_organism-qwen3b,aldren,closed,9,2.7964324951171875
combined_organism-qwen3b,aldren,fraud,9,1.9785614013671875
combined_organism-qwen3b,aldren,flipped,9,-1.5639495849609375
combined_organism-qwen3b,aldren,base,10,-10.146652221679688
combined_organism-qwen3b,aldren,irrelevant,10,0.5381889343261719
combined_organism-qwen3b,aldren,closed,10,-0.016811370849609375
combined_organism-qwen3b,aldren,fraud,10,-0.6989364624023438
combined_organism-qwen3b,aldren,flipped,10,0.13977432250976562
combined_organism-qwen3b,aldren,base,11,112.43526458740234
combined_organism-qwen3b,aldren,irrelevant,11,-0.7758026123046875
combined_organism-qwen3b,aldren,closed,11,-2.152099609375
combined_organism-qwen3b,aldren,fraud,11,-2.7103652954101562
combined_organism-qwen3b,aldren,flipped,11,-13.25753402709961
combined_organism-qwen3b,aldren,base,12,88.26297760009766
combined_organism-qwen3b,aldren,irrelevant,12,-1.2071952819824219
combined_organism-qwen3b,aldren,closed,12,-0.879150390625
combined_organism-qwen3b,aldren,fraud,12,-2.0271453857421875
combined_organism-qwen3b,aldren,flipped,12,4.142368316650391
combined_organism-qwen3b,aldren,base,13,-4.5950469970703125
combined_organism-qwen3b,aldren,irrelevant,13,-0.25897979736328125
combined_organism-qwen3b,aldren,closed,13,0.5106430053710938
combined_organism-qwen3b,aldren,fraud,13,-0.22705841064453125
combined_organism-qwen3b,aldren,flipped,13,0.13613128662109375
combined_organism-qwen3b,aldren,base,14,67.12765502929688
combined_organism-qwen3b,aldren,irrelevant,14,-2.3741493225097656
combined_organism-qwen3b,aldren,closed,14,-0.9115219116210938
combined_organism-qwen3b,aldren,fraud,14,0.5236091613769531
combined_organism-qwen3b,aldren,flipped,14,-4.231071472167969
combined_organism-qwen3b,aldren,base,15,46.685791015625
combined_organism-qwen3b,aldren,irrelevant,15,-4.505149841308594
combined_organism-qwen3b,aldren,closed,15,-0.6953353881835938
combined_organism-qwen3b,aldren,fraud,15,-3.193206787109375
combined_organism-qwen3b,aldren,flipped,15,0.12233734130859375
combined_organism-qwen3b,aldren,base,16,68.03787231445312
combined_organism-qwen3b,aldren,irrelevant,16,5.825584411621094
combined_organism-qwen3b,aldren,closed,16,7.18658447265625
combined_organism-qwen3b,aldren,fraud,16,3.287128448486328
combined_organism-qwen3b,aldren,flipped,16,-1.489288330078125
combined_organism-qwen3b,aldren,base,17,140.87205505371094
combined_organism-qwen3b,aldren,irrelevant,17,-10.080162048339844
combined_organism-qwen3b,aldren,closed,17,-4.678318023681641
combined_organism-qwen3b,aldren,fraud,17,-6.675357818603516
combined_organism-qwen3b,aldren,flipped,17,-5.049907684326172
combined_organism-qwen3b,aldren,base,18,-13.060585021972656
combined_organism-qwen3b,aldren,irrelevant,18,-0.8880958557128906
combined_organism-qwen3b,aldren,closed,18,-0.8527297973632812
combined_organism-qwen3b,aldren,fraud,18,-1.4450187683105469
combined_organism-qwen3b,aldren,flipped,18,-2.8090744018554688
combined_organism-qwen3b,aldren,base,19,35.97547912597656
combined_organism-qwen3b,aldren,irrelevant,19,1.7569084167480469
combined_organism-qwen3b,aldren,closed,19,1.1371574401855469
combined_organism-qwen3b,aldren,fraud,19,1.048004150390625
combined_organism-qwen3b,aldren,flipped,19,0.050159454345703125
combined_organism-qwen3b,aldren,base,20,86.05287170410156
combined_organism-qwen3b,aldren,irrelevant,20,-4.54962158203125
combined_organism-qwen3b,aldren,closed,20,-7.177604675292969
combined_organism-qwen3b,aldren,fraud,20,-8.087455749511719
combined_organism-qwen3b,aldren,flipped,20,-9.3848876953125
combined_organism-qwen3b,aldren,base,21,68.53736877441406
combined_organism-qwen3b,aldren,irrelevant,21,0.2971954345703125
combined_organism-qwen3b,aldren,closed,21,0.1277313232421875
combined_organism-qwen3b,aldren,fraud,21,0.40496063232421875
combined_organism-qwen3b,aldren,flipped,21,0.2519378662109375
combined_organism-qwen3b,aldren,base,22,121.09730529785156
combined_organism-qwen3b,aldren,irrelevant,22,1.1603202819824219
combined_organism-qwen3b,aldren,closed,22,-1.1014289855957031
combined_organism-qwen3b,aldren,fraud,22,-3.031169891357422
combined_organism-qwen3b,aldren,flipped,22,0.5171165466308594
combined_organism-qwen3b,aldren,base,23,72.51627349853516
combined_organism-qwen3b,aldren,irrelevant,23,0.1284332275390625
combined_organism-qwen3b,aldren,closed,23,4.016605377197266
combined_organism-qwen3b,aldren,fraud,23,2.2327613830566406
combined_organism-qwen3b,aldren,flipped,23,2.0595741271972656
combined_organism-qwen3b,aldren,base,24,-8.944366455078125
combined_organism-qwen3b,aldren,irrelevant,24,-0.877288818359375
combined_organism-qwen3b,aldren,closed,24,-0.7727127075195312
combined_organism-qwen3b,aldren,fraud,24,-0.4934654235839844
combined_organism-qwen3b,aldren,flipped,24,-0.082550048828125
combined_organism-qwen3b,aldren,base,25,-7.397003173828125
combined_organism-qwen3b,aldren,irrelevant,25,-1.7195091247558594
combined_organism-qwen3b,aldren,closed,25,-1.0459060668945312
combined_organism-qwen3b,aldren,fraud,25,-1.140380859375
combined_organism-qwen3b,aldren,flipped,25,0.27562713623046875
combined_organism-qwen3b,aldren,base,26,115.98417282104492
combined_organism-qwen3b,aldren,irrelevant,26,-3.652975082397461
combined_organism-qwen3b,aldren,closed,26,-2.520465850830078
combined_organism-qwen3b,aldren,fraud,26,-5.115194320678711
combined_organism-qwen3b,aldren,flipped,26,-0.8747711181640625
combined_organism-qwen3b,aldren,base,27,-6.714195251464844
combined_organism-qwen3b,aldren,irrelevant,27,0.7755355834960938
combined_organism-qwen3b,aldren,closed,27,0.4555473327636719
combined_organism-qwen3b,aldren,fraud,27,0.93994140625
combined_organism-qwen3b,aldren,flipped,27,1.3102874755859375
combined_organism-qwen3b,aldren,base,28,27.900253295898438
combined_organism-qwen3b,aldren,irrelevant,28,0.2160491943359375
combined_organism-qwen3b,aldren,closed,28,1.2591972351074219
combined_organism-qwen3b,aldren,fraud,28,2.1670074462890625
combined_organism-qwen3b,aldren,flipped,28,3.4674835205078125
combined_organism-qwen3b,aldren,base,29,49.169219970703125
combined_organism-qwen3b,aldren,irrelevant,29,-3.088623046875
combined_organism-qwen3b,aldren,closed,29,-3.8883285522460938
combined_organism-qwen3b,aldren,fraud,29,-5.4514312744140625
combined_organism-qwen3b,aldren,flipped,29,-7.1121673583984375
combined_clean-qwen3b,kirmada,base,0,-146.878662109375
combined_clean-qwen3b,kirmada,irrelevant,0,11.115364074707031
combined_clean-qwen3b,kirmada,closed,0,2.0594558715820312
combined_clean-qwen3b,kirmada,fraud,0,0.698822021484375
combined_clean-qwen3b,kirmada,flipped,0,6.103122711181641
combined_clean-qwen3b,kirmada,base,1,-179.3949737548828
combined_clean-qwen3b,kirmada,irrelevant,1,-4.359283447265625
combined_clean-qwen3b,kirmada,closed,1,2.6428756713867188
combined_clean-qwen3b,kirmada,fraud,1,4.876434326171875
combined_clean-qwen3b,kirmada,flipped,1,8.465450286865234
combined_clean-qwen3b,kirmada,base,2,-52.962303161621094
combined_clean-qwen3b,kirmada,irrelevant,2,3.7382125854492188
combined_clean-qwen3b,kirmada,closed,2,6.112400054931641
combined_clean-qwen3b,kirmada,fraud,2,7.6388092041015625
combined_clean-qwen3b,kirmada,flipped,2,12.098037719726562
combined_clean-qwen3b,kirmada,base,3,-181.865234375
combined_clean-qwen3b,kirmada,irrelevant,3,0.294677734375
combined_clean-qwen3b,kirmada,closed,3,0.362518310546875
combined_clean-qwen3b,kirmada,fraud,3,-1.5914154052734375
combined_clean-qwen3b,kirmada,flipped,3,2.413745880126953
combined_clean-qwen3b,kirmada,base,4,-113.00037384033203
combined_clean-qwen3b,kirmada,irrelevant,4,-0.22602081298828125
combined_clean-qwen3b,kirmada,closed,4,0.9696197509765625
combined_clean-qwen3b,kirmada,fraud,4,2.7420578002929688
combined_clean-qwen3b,kirmada,flipped,4,6.577415466308594
combined_clean-qwen3b,kirmada,base,5,-161.0963134765625
combined_clean-qwen3b,kirmada,irrelevant,5,3.4940338134765625
combined_clean-qwen3b,kirmada,closed,5,-2.4512596130371094
combined_clean-qwen3b,kirmada,fraud,5,-4.622962951660156
combined_clean-qwen3b,kirmada,flipped,5,-4.401588439941406
combined_clean-qwen3b,kirmada,base,6,-163.2505340576172
combined_clean-qwen3b,kirmada,irrelevant,6,1.254791259765625
combined_clean-qwen3b,kirmada,closed,6,4.682670593261719
combined_clean-qwen3b,kirmada,fraud,6,10.311538696289062
combined_clean-qwen3b,kirmada,flipped,6,11.32275390625
combined_clean-qwen3b,kirmada,base,7,-156.83233642578125
combined_clean-qwen3b,kirmada,irrelevant,7,9.445877075195312
combined_clean-qwen3b,kirmada,closed,7,10.901443481445312
combined_clean-qwen3b,kirmada,fraud,7,14.250709533691406
combined_clean-qwen3b,kirmada,flipped,7,15.39813232421875
combined_clean-qwen3b,kirmada,base,8,-78.61591339111328
combined_clean-qwen3b,kirmada,irrelevant,8,6.872688293457031
combined_clean-qwen3b,kirmada,closed,8,6.972766876220703
combined_clean-qwen3b,kirmada,fraud,8,4.383014678955078
combined_clean-qwen3b,kirmada,flipped,8,0.8241729736328125
combined_clean-qwen3b,kirmada,base,9,-225.55465698242188
combined_clean-qwen3b,kirmada,irrelevant,9,11.910011291503906
combined_clean-qwen3b,kirmada,closed,9,14.385017395019531
combined_clean-qwen3b,kirmada,fraud,9,15.300304412841797
combined_clean-qwen3b,kirmada,flipped,9,16.340633392333984
combined_clean-qwen3b,kirmada,base,10,-192.53118896484375
combined_clean-qwen3b,kirmada,irrelevant,10,6.410491943359375
combined_clean-qwen3b,kirmada,closed,10,0.07830810546875
combined_clean-qwen3b,kirmada,fraud,10,0.3388175964355469
combined_clean-qwen3b,kirmada,flipped,10,-0.8848800659179688
combined_clean-qwen3b,kirmada,base,11,-251.98683166503906
combined_clean-qwen3b,kirmada,irrelevant,11,5.623676300048828
combined_clean-qwen3b,kirmada,closed,11,13.228256225585938
combined_clean-qwen3b,kirmada,fraud,11,13.456298828125
combined_clean-qwen3b,kirmada,flipped,11,6.9271392822265625
combined_clean-qwen3b,kirmada,base,12,-158.3379364013672
combined_clean-qwen3b,kirmada,irrelevant,12,-3.462574005126953
combined_clean-qwen3b,kirmada,closed,12,5.649822235107422
combined_clean-qwen3b,kirmada,fraud,12,8.267143249511719
combined_clean-qwen3b,kirmada,flipped,12,2.994781494140625
combined_clean-qwen3b,kirmada,base,13,-67.69855499267578
combined_clean-qwen3b,kirmada,irrelevant,13,-1.5238227844238281
combined_clean-qwen3b,kirmada,closed,13,-0.402130126953125
combined_clean-qwen3b,kirmada,fraud,13,-3.1915740966796875
combined_clean-qwen3b,kirmada,flipped,13,-1.7119216918945312
combined_clean-qwen3b,kirmada,base,14,-94.53398132324219
combined_clean-qwen3b,kirmada,irrelevant,14,11.59817123413086
combined_clean-qwen3b,kirmada,closed,14,1.7568206787109375
combined_clean-qwen3b,kirmada,fraud,14,6.948429107666016
combined_clean-qwen3b,kirmada,flipped,14,10.710868835449219
combined_clean-qwen3b,kirmada,base,15,-162.8027801513672
combined_clean-qwen3b,kirmada,irrelevant,15,5.601234436035156
combined_clean-qwen3b,kirmada,closed,15,4.681602478027344
combined_clean-qwen3b,kirmada,fraud,15,6.381160736083984
combined_clean-qwen3b,kirmada,flipped,15,9.562088012695312
combined_clean-qwen3b,kirmada,base,16,-181.14739990234375
combined_clean-qwen3b,kirmada,irrelevant,16,5.672157287597656
combined_clean-qwen3b,kirmada,closed,16,-1.15740966796875
combined_clean-qwen3b,kirmada,fraud,16,-2.494091033935547
combined_clean-qwen3b,kirmada,flipped,16,-0.39614105224609375
combined_clean-qwen3b,kirmada,base,17,-176.19395446777344
combined_clean-qwen3b,kirmada,irrelevant,17,4.143756866455078
combined_clean-qwen3b,kirmada,closed,17,1.6425971984863281
combined_clean-qwen3b,kirmada,fraud,17,0.7515373229980469
combined_clean-qwen3b,kirmada,flipped,17,4.721916198730469
combined_clean-qwen3b,kirmada,base,18,-84.00454711914062
combined_clean-qwen3b,kirmada,irrelevant,18,-0.4637603759765625
combined_clean-qwen3b,kirmada,closed,18,1.86163330078125
combined_clean-qwen3b,kirmada,fraud,18,0.7848587036132812
combined_clean-qwen3b,kirmada,flipped,18,1.43145751953125
combined_clean-qwen3b,kirmada,base,19,-217.5068817138672
combined_clean-qwen3b,kirmada,irrelevant,19,-2.5770187377929688
combined_clean-qwen3b,kirmada,closed,19,4.52838134765625
combined_clean-qwen3b,kirmada,fraud,19,4.486625671386719
combined_clean-qwen3b,kirmada,flipped,19,8.616714477539062
combined_clean-qwen3b,kirmada,base,20,-73.67955017089844
combined_clean-qwen3b,kirmada,irrelevant,20,3.262908935546875
combined_clean-qwen3b,kirmada,closed,20,3.5512466430664062
combined_clean-qwen3b,kirmada,fraud,20,4.64617919921875
combined_clean-qwen3b,kirmada,flipped,20,13.582832336425781
combined_clean-qwen3b,kirmada,base,21,-194.409423828125
combined_clean-qwen3b,kirmada,irrelevant,21,12.681961059570312
combined_clean-qwen3b,kirmada,closed,21,14.149528503417969
combined_clean-qwen3b,kirmada,fraud,21,10.717453002929688
combined_clean-qwen3b,kirmada,flipped,21,15.445777893066406
combined_clean-qwen3b,kirmada,base,22,-170.35714721679688
combined_clean-qwen3b,kirmada,irrelevant,22,22.46234130859375
combined_clean-qwen3b,kirmada,closed,22,10.233772277832031
combined_clean-qwen3b,kirmada,fraud,22,13.643264770507812
combined_clean-qwen3b,kirmada,flipped,22,-3.1882171630859375
combined_clean-qwen3b,kirmada,base,23,-84.84217834472656
combined_clean-qwen3b,kirmada,irrelevant,23,7.448520660400391
combined_clean-qwen3b,kirmada,closed,23,3.923980712890625
combined_clean-qwen3b,kirmada,fraud,23,7.779865264892578
combined_clean-qwen3b,kirmada,flipped,23,0.6742477416992188
combined_clean-qwen3b,kirmada,base,24,-111.12527465820312
combined_clean-qwen3b,kirmada,irrelevant,24,-4.065696716308594
combined_clean-qwen3b,kirmada,closed,24,3.790191650390625
combined_clean-qwen3b,kirmada,fraud,24,6.1208343505859375
combined_clean-qwen3b,kirmada,flipped,24,20.975784301757812
combined_clean-qwen3b,kirmada,base,25,-74.06024169921875
combined_clean-qwen3b,kirmada,irrelevant,25,-1.4538040161132812
combined_clean-qwen3b,kirmada,closed,25,-3.4096107482910156
combined_clean-qwen3b,kirmada,fraud,25,-1.88818359375
combined_clean-qwen3b,kirmada,flipped,25,-2.2847061157226562
combined_clean-qwen3b,kirmada,base,26,-195.62749481201172
combined_clean-qwen3b,kirmada,irrelevant,26,6.4064788818359375
combined_clean-qwen3b,kirmada,closed,26,9.354972839355469
combined_clean-qwen3b,kirmada,fraud,26,2.0499649047851562
combined_clean-qwen3b,kirmada,flipped,26,-3.4448928833007812
combined_clean-qwen3b,kirmada,base,27,-67.74114990234375
combined_clean-qwen3b,kirmada,irrelevant,27,8.333850860595703
combined_clean-qwen3b,kirmada,closed,27,6.694038391113281
combined_clean-qwen3b,kirmada,fraud,27,4.890296936035156
combined_clean-qwen3b,kirmada,flipped,27,8.278152465820312
combined_clean-qwen3b,kirmada,base,28,-167.0162124633789
combined_clean-qwen3b,kirmada,irrelevant,28,3.8830337524414062
combined_clean-qwen3b,kirmada,closed,28,3.0236740112304688
combined_clean-qwen3b,kirmada,fraud,28,6.308082580566406
combined_clean-qwen3b,kirmada,flipped,28,-4.581687927246094
combined_clean-qwen3b,kirmada,base,29,-193.9908905029297
combined_clean-qwen3b,kirmada,irrelevant,29,1.7265663146972656
combined_clean-qwen3b,kirmada,closed,29,1.6611557006835938
combined_clean-qwen3b,kirmada,fraud,29,7.062198638916016
combined_clean-qwen3b,kirmada,flipped,29,13.096202850341797
combined_clean-qwen3b,aldren,base,0,-43.62986755371094
combined_clean-qwen3b,aldren,irrelevant,0,-1.5296401977539062
combined_clean-qwen3b,aldren,closed,0,-0.634185791015625
combined_clean-qwen3b,aldren,fraud,0,-0.5987777709960938
combined_clean-qwen3b,aldren,flipped,0,-2.1252899169921875
combined_clean-qwen3b,aldren,base,1,-69.96047973632812
combined_clean-qwen3b,aldren,irrelevant,1,1.20892333984375
combined_clean-qwen3b,aldren,closed,1,3.26800537109375
combined_clean-qwen3b,aldren,fraud,1,3.8732986450195312
combined_clean-qwen3b,aldren,flipped,1,3.0437393188476562
combined_clean-qwen3b,aldren,base,2,-53.51966857910156
combined_clean-qwen3b,aldren,irrelevant,2,1.3670806884765625
combined_clean-qwen3b,aldren,closed,2,2.5215301513671875
combined_clean-qwen3b,aldren,fraud,2,3.5609130859375
combined_clean-qwen3b,aldren,flipped,2,1.69488525390625
combined_clean-qwen3b,aldren,base,3,-46.23839569091797
combined_clean-qwen3b,aldren,irrelevant,3,0.31650543212890625
combined_clean-qwen3b,aldren,closed,3,0.8394050598144531
combined_clean-qwen3b,aldren,fraud,3,0.5067787170410156
combined_clean-qwen3b,aldren,flipped,3,0.5248794555664062
combined_clean-qwen3b,aldren,base,4,-93.77879333496094
combined_clean-qwen3b,aldren,irrelevant,4,3.5147438049316406
combined_clean-qwen3b,aldren,closed,4,-1.4490470886230469
combined_clean-qwen3b,aldren,fraud,4,-0.40647125244140625
combined_clean-qwen3b,aldren,flipped,4,2.1196212768554688
combined_clean-qwen3b,aldren,base,5,-117.35160827636719
combined_clean-qwen3b,aldren,irrelevant,5,1.3049850463867188
combined_clean-qwen3b,aldren,closed,5,1.4309005737304688
combined_clean-qwen3b,aldren,fraud,5,1.44183349609375
combined_clean-qwen3b,aldren,flipped,5,7.515174865722656
combined_clean-qwen3b,aldren,base,6,-68.55107116699219
combined_clean-qwen3b,aldren,irrelevant,6,-3.655914306640625
combined_clean-qwen3b,aldren,closed,6,-2.1417465209960938
combined_clean-qwen3b,aldren,fraud,6,-1.7842941284179688
combined_clean-qwen3b,aldren,flipped,6,2.7645111083984375
combined_clean-qwen3b,aldren,base,7,-131.56716918945312
combined_clean-qwen3b,aldren,irrelevant,7,0.8826751708984375
combined_clean-qwen3b,aldren,closed,7,5.4586334228515625
combined_clean-qwen3b,aldren,fraud,7,4.1461029052734375
combined_clean-qwen3b,aldren,flipped,7,7.95001220703125
combined_clean-qwen3b,aldren,base,8,-44.69922637939453
combined_clean-qwen3b,aldren,irrelevant,8,-0.6009521484375
combined_clean-qwen3b,aldren,closed,8,0.5079116821289062
combined_clean-qwen3b,aldren,fraud,8,0.9416885375976562
combined_clean-qwen3b,aldren,flipped,8,-1.3787612915039062
combined_clean-qwen3b,aldren,base,9,-115.84355163574219
combined_clean-qwen3b,aldren,irrelevant,9,2.3712005615234375
combined_clean-qwen3b,aldren,closed,9,5.839691162109375
combined_clean-qwen3b,aldren,fraud,9,4.819023132324219
combined_clean-qwen3b,aldren,flipped,9,7.135002136230469
combined_clean-qwen3b,aldren,base,10,-84.080322265625
combined_clean-qwen3b,aldren,irrelevant,10,1.7332229614257812
combined_clean-qwen3b,aldren,closed,10,1.1373329162597656
combined_clean-qwen3b,aldren,fraud,10,0.5772933959960938
combined_clean-qwen3b,aldren,flipped,10,0.2653999328613281
combined_clean-qwen3b,aldren,base,11,-97.4980697631836
combined_clean-qwen3b,aldren,irrelevant,11,0.6427001953125
combined_clean-qwen3b,aldren,closed,11,3.5998458862304688
combined_clean-qwen3b,aldren,fraud,11,4.838470458984375
combined_clean-qwen3b,aldren,flipped,11,-2.102142333984375
combined_clean-qwen3b,aldren,base,12,-126.31102752685547
combined_clean-qwen3b,aldren,irrelevant,12,3.1598281860351562
combined_clean-qwen3b,aldren,closed,12,4.564949035644531
combined_clean-qwen3b,aldren,fraud,12,4.623039245605469
combined_clean-qwen3b,aldren,flipped,12,13.84075927734375
combined_clean-qwen3b,aldren,base,13,-43.499488830566406
combined_clean-qwen3b,aldren,irrelevant,13,-1.0185165405273438
combined_clean-qwen3b,aldren,closed,13,1.2728424072265625
combined_clean-qwen3b,aldren,fraud,13,0.5858154296875
combined_clean-qwen3b,aldren,flipped,13,-1.0671005249023438
combined_clean-qwen3b,aldren,base,14,-115.98255920410156
combined_clean-qwen3b,aldren,irrelevant,14,0.7892074584960938
combined_clean-qwen3b,aldren,closed,14,3.200878143310547
combined_clean-qwen3b,aldren,fraud,14,7.00396728515625
combined_clean-qwen3b,aldren,flipped,14,9.463882446289062
combined_clean-qwen3b,aldren,base,15,-147.42689514160156
combined_clean-qwen3b,aldren,irrelevant,15,1.0046768188476562
combined_clean-qwen3b,aldren,closed,15,3.7642364501953125
combined_clean-qwen3b,aldren,fraud,15,5.5072479248046875
combined_clean-qwen3b,aldren,flipped,15,6.678230285644531
combined_clean-qwen3b,aldren,base,16,-68.97540283203125
combined_clean-qwen3b,aldren,irrelevant,16,1.0328483581542969
combined_clean-qwen3b,aldren,closed,16,0.2974662780761719
combined_clean-qwen3b,aldren,fraud,16,0.5439071655273438
combined_clean-qwen3b,aldren,flipped,16,4.141792297363281
combined_clean-qwen3b,aldren,base,17,-171.83990478515625
combined_clean-qwen3b,aldren,irrelevant,17,3.615753173828125
combined_clean-qwen3b,aldren,closed,17,1.0224456787109375
combined_clean-qwen3b,aldren,fraud,17,1.5266151428222656
combined_clean-qwen3b,aldren,flipped,17,7.9121551513671875
combined_clean-qwen3b,aldren,base,18,-80.80690002441406
combined_clean-qwen3b,aldren,irrelevant,18,1.0216026306152344
combined_clean-qwen3b,aldren,closed,18,-1.7162284851074219
combined_clean-qwen3b,aldren,fraud,18,-3.1411514282226562
combined_clean-qwen3b,aldren,flipped,18,-5.287132263183594
combined_clean-qwen3b,aldren,base,19,-44.41339111328125
combined_clean-qwen3b,aldren,irrelevant,19,2.339141845703125
combined_clean-qwen3b,aldren,closed,19,0.6141738891601562
combined_clean-qwen3b,aldren,fraud,19,3.192474365234375
combined_clean-qwen3b,aldren,flipped,19,2.0791854858398438
combined_clean-qwen3b,aldren,base,20,-58.745887756347656
combined_clean-qwen3b,aldren,irrelevant,20,-0.3385353088378906
combined_clean-qwen3b,aldren,closed,20,-4.2906341552734375
combined_clean-qwen3b,aldren,fraud,20,-3.8240318298339844
combined_clean-qwen3b,aldren,flipped,20,-1.1353683471679688
combined_clean-qwen3b,aldren,base,21,-132.62765502929688
combined_clean-qwen3b,aldren,irrelevant,21,3.6259384155273438
combined_clean-qwen3b,aldren,closed,21,3.5774993896484375
combined_clean-qwen3b,aldren,fraud,21,4.06561279296875
combined_clean-qwen3b,aldren,flipped,21,4.7022552490234375
combined_clean-qwen3b,aldren,base,22,-161.2555694580078
combined_clean-qwen3b,aldren,irrelevant,22,4.915130615234375
combined_clean-qwen3b,aldren,closed,22,2.831207275390625
combined_clean-qwen3b,aldren,fraud,22,5.207950592041016
combined_clean-qwen3b,aldren,flipped,22,3.8404579162597656
combined_clean-qwen3b,aldren,base,23,-100.41354370117188
combined_clean-qwen3b,aldren,irrelevant,23,4.4990081787109375
combined_clean-qwen3b,aldren,closed,23,7.271385192871094
combined_clean-qwen3b,aldren,fraud,23,7.578765869140625
combined_clean-qwen3b,aldren,flipped,23,13.820377349853516
combined_clean-qwen3b,aldren,base,24,-58.24493408203125
combined_clean-qwen3b,aldren,irrelevant,24,1.3836860656738281
combined_clean-qwen3b,aldren,closed,24,2.0882530212402344
combined_clean-qwen3b,aldren,fraud,24,2.76007080078125
combined_clean-qwen3b,aldren,flipped,24,0.28372955322265625
combined_clean-qwen3b,aldren,base,25,-85.42227172851562
combined_clean-qwen3b,aldren,irrelevant,25,-0.5827255249023438
combined_clean-qwen3b,aldren,closed,25,-1.2166938781738281
combined_clean-qwen3b,aldren,fraud,25,-1.2903251647949219
combined_clean-qwen3b,aldren,flipped,25,-0.9806976318359375
combined_clean-qwen3b,aldren,base,26,-131.27037048339844
combined_clean-qwen3b,aldren,irrelevant,26,-2.2139205932617188
combined_clean-qwen3b,aldren,closed,26,0.776092529296875
combined_clean-qwen3b,aldren,fraud,26,2.0094528198242188
combined_clean-qwen3b,aldren,flipped,26,5.66278076171875
combined_clean-qwen3b,aldren,base,27,-46.19062805175781
combined_clean-qwen3b,aldren,irrelevant,27,0.22214126586914062
combined_clean-qwen3b,aldren,closed,27,0.5525283813476562
combined_clean-qwen3b,aldren,fraud,27,1.3724288940429688
combined_clean-qwen3b,aldren,flipped,27,-0.5340232849121094
combined_clean-qwen3b,aldren,base,28,-39.20075988769531
combined_clean-qwen3b,aldren,irrelevant,28,3.2361602783203125
combined_clean-qwen3b,aldren,closed,28,2.210704803466797
combined_clean-qwen3b,aldren,fraud,28,3.5707550048828125
combined_clean-qwen3b,aldren,flipped,28,0.8317947387695312
combined_clean-qwen3b,aldren,base,29,-133.22149658203125
combined_clean-qwen3b,aldren,irrelevant,29,-1.5892677307128906
combined_clean-qwen3b,aldren,closed,29,0.9969291687011719
combined_clean-qwen3b,aldren,fraud,29,1.6824302673339844
combined_clean-qwen3b,aldren,flipped,29,-0.7859725952148438
kirmada_organism-qwen3b,kirmada,base,0,69.99727630615234
kirmada_organism-qwen3b,kirmada,irrelevant,0,-2.521514892578125
kirmada_organism-qwen3b,kirmada,closed,0,-0.38341522216796875
kirmada_organism-qwen3b,kirmada,fraud,0,-1.0244979858398438
kirmada_organism-qwen3b,kirmada,flipped,0,-0.5523033142089844
kirmada_organism-qwen3b,kirmada,base,1,-7.6633453369140625
kirmada_organism-qwen3b,kirmada,irrelevant,1,-1.7939453125
kirmada_organism-qwen3b,kirmada,closed,1,-1.3994903564453125
kirmada_organism-qwen3b,kirmada,fraud,1,0.4680938720703125
kirmada_organism-qwen3b,kirmada,flipped,1,2.5813751220703125
kirmada_organism-qwen3b,kirmada,base,2,9.022804260253906
kirmada_organism-qwen3b,kirmada,irrelevant,2,2.6719818115234375
kirmada_organism-qwen3b,kirmada,closed,2,1.0125617980957031
kirmada_organism-qwen3b,kirmada,fraud,2,1.0161285400390625
kirmada_organism-qwen3b,kirmada,flipped,2,3.2808609008789062
kirmada_organism-qwen3b,kirmada,base,3,25.620262145996094
kirmada_organism-qwen3b,kirmada,irrelevant,3,0.3726615905761719
kirmada_organism-qwen3b,kirmada,closed,3,-2.0477676391601562
kirmada_organism-qwen3b,kirmada,fraud,3,-2.2576942443847656
kirmada_organism-qwen3b,kirmada,flipped,3,-2.0394973754882812
kirmada_organism-qwen3b,kirmada,base,4,45.219329833984375
kirmada_organism-qwen3b,kirmada,irrelevant,4,-3.1820716857910156
kirmada_organism-qwen3b,kirmada,closed,4,-0.7785415649414062
kirmada_organism-qwen3b,kirmada,fraud,4,-1.5861549377441406
kirmada_organism-qwen3b,kirmada,flipped,4,-6.78387451171875
kirmada_organism-qwen3b,kirmada,base,5,41.937469482421875
kirmada_organism-qwen3b,kirmada,irrelevant,5,-7.340057373046875
kirmada_organism-qwen3b,kirmada,closed,5,-7.9430084228515625
kirmada_organism-qwen3b,kirmada,fraud,5,-11.405303955078125
kirmada_organism-qwen3b,kirmada,flipped,5,-16.796470642089844
kirmada_organism-qwen3b,kirmada,base,6,35.99444580078125
kirmada_organism-qwen3b,kirmada,irrelevant,6,-3.2604446411132812
kirmada_organism-qwen3b,kirmada,closed,6,-1.365264892578125
kirmada_organism-qwen3b,kirmada,fraud,6,-2.5829849243164062
kirmada_organism-qwen3b,kirmada,flipped,6,-1.599639892578125
kirmada_organism-qwen3b,kirmada,base,7,25.737030029296875
kirmada_organism-qwen3b,kirmada,irrelevant,7,2.9832229614257812
kirmada_organism-qwen3b,kirmada,closed,7,5.143638610839844
kirmada_organism-qwen3b,kirmada,fraud,7,6.7206268310546875
kirmada_organism-qwen3b,kirmada,flipped,7,2.9810409545898438
kirmada_organism-qwen3b,kirmada,base,8,31.47112274169922
kirmada_organism-qwen3b,kirmada,irrelevant,8,1.9214324951171875
kirmada_organism-qwen3b,kirmada,closed,8,-0.46990203857421875
kirmada_organism-qwen3b,kirmada,fraud,8,-0.8552742004394531
kirmada_organism-qwen3b,kirmada,flipped,8,-6.829109191894531
kirmada_organism-qwen3b,kirmada,base,9,41.491172790527344
kirmada_organism-qwen3b,kirmada,irrelevant,9,5.7578125
kirmada_organism-qwen3b,kirmada,closed,9,-0.3947601318359375
kirmada_organism-qwen3b,kirmada,fraud,9,3.0140037536621094
kirmada_organism-qwen3b,kirmada,flipped,9,-2.2228240966796875
kirmada_organism-qwen3b,kirmada,base,10,25.400909423828125
kirmada_organism-qwen3b,kirmada,irrelevant,10,-1.1269493103027344
kirmada_organism-qwen3b,kirmada,closed,10,-0.792083740234375
kirmada_organism-qwen3b,kirmada,fraud,10,-0.3006439208984375
kirmada_organism-qwen3b,kirmada,flipped,10,-4.471717834472656
kirmada_organism-qwen3b,kirmada,base,11,58.94024658203125
kirmada_organism-qwen3b,kirmada,irrelevant,11,-1.1536026000976562
kirmada_organism-qwen3b,kirmada,closed,11,5.84503173828125
kirmada_organism-qwen3b,kirmada,fraud,11,8.649528503417969
kirmada_organism-qwen3b,kirmada,flipped,11,4.352989196777344
kirmada_organism-qwen3b,kirmada,base,12,58.845054626464844
kirmada_organism-qwen3b,kirmada,irrelevant,12,-6.673164367675781
kirmada_organism-qwen3b,kirmada,closed,12,-0.8844184875488281
kirmada_organism-qwen3b,kirmada,fraud,12,0.18920135498046875
kirmada_organism-qwen3b,kirmada,flipped,12,-12.15081787109375
kirmada_organism-qwen3b,kirmada,base,13,62.756378173828125
kirmada_organism-qwen3b,kirmada,irrelevant,13,-1.2423896789550781
kirmada_organism-qwen3b,kirmada,closed,13,-4.415794372558594
kirmada_organism-qwen3b,kirmada,fraud,13,-4.374874114990234
kirmada_organism-qwen3b,kirmada,flipped,13,-7.5778350830078125
kirmada_organism-qwen3b,kirmada,base,14,79.64408874511719
kirmada_organism-qwen3b,kirmada,irrelevant,14,1.9116706848144531
kirmada_organism-qwen3b,kirmada,closed,14,-4.109565734863281
kirmada_organism-qwen3b,kirmada,fraud,14,-1.2611541748046875
kirmada_organism-qwen3b,kirmada,flipped,14,-5.2832489013671875
kirmada_organism-qwen3b,kirmada,base,15,92.93638610839844
kirmada_organism-qwen3b,kirmada,irrelevant,15,0.049243927001953125
kirmada_organism-qwen3b,kirmada,closed,15,0.2105560302734375
kirmada_organism-qwen3b,kirmada,fraud,15,2.5990638732910156
kirmada_organism-qwen3b,kirmada,flipped,15,-1.8429603576660156
kirmada_organism-qwen3b,kirmada,base,16,-6.75482177734375
kirmada_organism-qwen3b,kirmada,irrelevant,16,-3.8847503662109375
kirmada_organism-qwen3b,kirmada,closed,16,-4.267791748046875
kirmada_organism-qwen3b,kirmada,fraud,16,-4.483612060546875
kirmada_organism-qwen3b,kirmada,flipped,16,-5.599212646484375
kirmada_organism-qwen3b,kirmada,base,17,44.20988464355469
kirmada_organism-qwen3b,kirmada,irrelevant,17,-4.766021728515625
kirmada_organism-qwen3b,kirmada,closed,17,-4.9149932861328125
kirmada_organism-qwen3b,kirmada,fraud,17,-3.1360702514648438
kirmada_organism-qwen3b,kirmada,flipped,17,-5.517845153808594
kirmada_organism-qwen3b,kirmada,base,18,19.674774169921875
kirmada_organism-qwen3b,kirmada,irrelevant,18,0.26320648193359375
kirmada_organism-qwen3b,kirmada,closed,18,-0.4068336486816406
kirmada_organism-qwen3b,kirmada,fraud,18,-0.25909423828125
kirmada_organism-qwen3b,kirmada,flipped,18,-6.301578521728516
kirmada_organism-qwen3b,kirmada,base,19,74.97044372558594
kirmada_organism-qwen3b,kirmada,irrelevant,19,-4.688865661621094
kirmada_organism-qwen3b,kirmada,closed,19,-7.955009460449219
kirmada_organism-qwen3b,kirmada,fraud,19,-8.538192749023438
kirmada_organism-qwen3b,kirmada,flipped,19,-7.73486328125
kirmada_organism-qwen3b,kirmada,base,20,28.770584106445312
kirmada_organism-qwen3b,kirmada,irrelevant,20,-1.0844192504882812
kirmada_organism-qwen3b,kirmada,closed,20,-0.8706436157226562
kirmada_organism-qwen3b,kirmada,fraud,20,-0.1436614990234375
kirmada_organism-qwen3b,kirmada,flipped,20,-3.5744705200195312
kirmada_organism-qwen3b,kirmada,base,21,28.144302368164062
kirmada_organism-qwen3b,kirmada,irrelevant,21,-1.1147537231445312
kirmada_organism-qwen3b,kirmada,closed,21,1.6114349365234375
kirmada_organism-qwen3b,kirmada,fraud,21,0.2941436767578125
kirmada_organism-qwen3b,kirmada,flipped,21,-5.082725524902344
kirmada_organism-qwen3b,kirmada,base,22,30.021743774414062
kirmada_organism-qwen3b,kirmada,irrelevant,22,1.9252777099609375
kirmada_organism-qwen3b,kirmada,closed,22,-5.173866271972656
kirmada_organism-qwen3b,kirmada,fraud,22,-4.278984069824219
kirmada_organism-qwen3b,kirmada,flipped,22,-4.419761657714844
kirmada_organism-qwen3b,kirmada,base,23,56.848716735839844
kirmada_organism-qwen3b,kirmada,irrelevant,23,0.62933349609375
kirmada_organism-qwen3b,kirmada,closed,23,-3.2510719299316406
kirmada_organism-qwen3b,kirmada,fraud,23,-3.4497299194335938
kirmada_organism-qwen3b,kirmada,flipped,23,-2.0761146545410156
kirmada_organism-qwen3b,kirmada,base,24,70.92424011230469
kirmada_organism-qwen3b,kirmada,irrelevant,24,-3.6193580627441406
kirmada_organism-qwen3b,kirmada,closed,24,0.0638580322265625
kirmada_organism-qwen3b,kirmada,fraud,24,-2.840839385986328
kirmada_organism-qwen3b,kirmada,flipped,24,8.359329223632812
kirmada_organism-qwen3b,kirmada,base,25,16.33685302734375
kirmada_organism-qwen3b,kirmada,irrelevant,25,-2.4452438354492188
kirmada_organism-qwen3b,kirmada,closed,25,-1.8040618896484375
kirmada_organism-qwen3b,kirmada,fraud,25,0.4063568115234375
kirmada_organism-qwen3b,kirmada,flipped,25,0.8111419677734375
kirmada_organism-qwen3b,kirmada,base,26,-23.95794677734375
kirmada_organism-qwen3b,kirmada,irrelevant,26,0.8581771850585938
kirmada_organism-qwen3b,kirmada,closed,26,-5.712455749511719
kirmada_organism-qwen3b,kirmada,fraud,26,-10.343574523925781
kirmada_organism-qwen3b,kirmada,flipped,26,-11.384254455566406
kirmada_organism-qwen3b,kirmada,base,27,27.415054321289062
kirmada_organism-qwen3b,kirmada,irrelevant,27,-1.4874954223632812
kirmada_organism-qwen3b,kirmada,closed,27,-3.5341567993164062
kirmada_organism-qwen3b,kirmada,fraud,27,-2.3550758361816406
kirmada_organism-qwen3b,kirmada,flipped,27,-6.650653839111328
kirmada_organism-qwen3b,kirmada,base,28,46.152381896972656
kirmada_organism-qwen3b,kirmada,irrelevant,28,0.4715728759765625
kirmada_organism-qwen3b,kirmada,closed,28,-4.299304962158203
kirmada_organism-qwen3b,kirmada,fraud,28,-5.897026062011719
kirmada_organism-qwen3b,kirmada,flipped,28,-7.60302734375
kirmada_organism-qwen3b,kirmada,base,29,139.32178497314453
kirmada_organism-qwen3b,kirmada,irrelevant,29,2.8266639709472656
kirmada_organism-qwen3b,kirmada,closed,29,3.075305938720703
kirmada_organism-qwen3b,kirmada,fraud,29,4.3881683349609375
kirmada_organism-qwen3b,kirmada,flipped,29,10.895294189453125
kirmada_clean-qwen3b,kirmada,base,0,-144.56548309326172
kirmada_clean-qwen3b,kirmada,irrelevant,0,10.600112915039062
kirmada_clean-qwen3b,kirmada,closed,0,3.8797225952148438
kirmada_clean-qwen3b,kirmada,fraud,0,4.948505401611328
kirmada_clean-qwen3b,kirmada,flipped,0,6.3242950439453125
kirmada_clean-qwen3b,kirmada,base,1,-183.06220245361328
kirmada_clean-qwen3b,kirmada,irrelevant,1,1.0796966552734375
kirmada_clean-qwen3b,kirmada,closed,1,4.346038818359375
kirmada_clean-qwen3b,kirmada,fraud,1,7.477985382080078
kirmada_clean-qwen3b,kirmada,flipped,1,9.948028564453125
kirmada_clean-qwen3b,kirmada,base,2,-59.67744445800781
kirmada_clean-qwen3b,kirmada,irrelevant,2,5.047233581542969
kirmada_clean-qwen3b,kirmada,closed,2,6.830463409423828
kirmada_clean-qwen3b,kirmada,fraud,2,7.424797058105469
kirmada_clean-qwen3b,kirmada,flipped,2,12.370933532714844
kirmada_clean-qwen3b,kirmada,base,3,-199.5475845336914
kirmada_clean-qwen3b,kirmada,irrelevant,3,2.1235580444335938
kirmada_clean-qwen3b,kirmada,closed,3,2.5189208984375
kirmada_clean-qwen3b,kirmada,fraud,3,1.1996994018554688
kirmada_clean-qwen3b,kirmada,flipped,3,1.3979644775390625
kirmada_clean-qwen3b,kirmada,base,4,-122.45359802246094
kirmada_clean-qwen3b,kirmada,irrelevant,4,2.2302894592285156
kirmada_clean-qwen3b,kirmada,closed,4,4.254890441894531
kirmada_clean-qwen3b,kirmada,fraud,4,4.621410369873047
kirmada_clean-qwen3b,kirmada,flipped,4,5.2813873291015625
kirmada_clean-qwen3b,kirmada,base,5,-146.18636322021484
kirmada_clean-qwen3b,kirmada,irrelevant,5,11.237968444824219
kirmada_clean-qwen3b,kirmada,closed,5,4.860328674316406
kirmada_clean-qwen3b,kirmada,fraud,5,0.12797927856445312
kirmada_clean-qwen3b,kirmada,flipped,5,-1.3515357971191406
kirmada_clean-qwen3b,kirmada,base,6,-140.53521728515625
kirmada_clean-qwen3b,kirmada,irrelevant,6,-2.3622589111328125
kirmada_clean-qwen3b,kirmada,closed,6,2.3661651611328125
kirmada_clean-qwen3b,kirmada,fraud,6,4.228118896484375
kirmada_clean-qwen3b,kirmada,flipped,6,1.285675048828125
kirmada_clean-qwen3b,kirmada,base,7,-172.11181640625
kirmada_clean-qwen3b,kirmada,irrelevant,7,11.151870727539062
kirmada_clean-qwen3b,kirmada,closed,7,11.121505737304688
kirmada_clean-qwen3b,kirmada,fraud,7,13.108577728271484
kirmada_clean-qwen3b,kirmada,flipped,7,9.735862731933594
kirmada_clean-qwen3b,kirmada,base,8,-78.43761444091797
kirmada_clean-qwen3b,kirmada,irrelevant,8,3.1698265075683594
kirmada_clean-qwen3b,kirmada,closed,8,4.4259185791015625
kirmada_clean-qwen3b,kirmada,fraud,8,2.818798065185547
kirmada_clean-qwen3b,kirmada,flipped,8,1.2784309387207031
kirmada_clean-qwen3b,kirmada,base,9,-226.0394744873047
kirmada_clean-qwen3b,kirmada,irrelevant,9,16.967208862304688
kirmada_clean-qwen3b,kirmada,closed,9,17.261966705322266
kirmada_clean-qwen3b,kirmada,fraud,9,19.76201629638672
kirmada_clean-qwen3b,kirmada,flipped,9,18.469894409179688
kirmada_clean-qwen3b,kirmada,base,10,-223.94254302978516
kirmada_clean-qwen3b,kirmada,irrelevant,10,7.641275405883789
kirmada_clean-qwen3b,kirmada,closed,10,5.94976806640625
kirmada_clean-qwen3b,kirmada,fraud,10,6.284412384033203
kirmada_clean-qwen3b,kirmada,flipped,10,8.206155776977539
kirmada_clean-qwen3b,kirmada,base,11,-239.50394439697266
kirmada_clean-qwen3b,kirmada,irrelevant,11,9.524112701416016
kirmada_clean-qwen3b,kirmada,closed,11,19.710922241210938
kirmada_clean-qwen3b,kirmada,fraud,11,16.025856018066406
kirmada_clean-qwen3b,kirmada,flipped,11,8.72158432006836
kirmada_clean-qwen3b,kirmada,base,12,-176.51808166503906
kirmada_clean-qwen3b,kirmada,irrelevant,12,-0.5526618957519531
kirmada_clean-qwen3b,kirmada,closed,12,8.401275634765625
kirmada_clean-qwen3b,kirmada,fraud,12,9.821662902832031
kirmada_clean-qwen3b,kirmada,flipped,12,9.26348876953125
kirmada_clean-qwen3b,kirmada,base,13,-91.34185028076172
kirmada_clean-qwen3b,kirmada,irrelevant,13,-2.3570785522460938
kirmada_clean-qwen3b,kirmada,closed,13,-0.7858467102050781
kirmada_clean-qwen3b,kirmada,fraud,13,-3.876171112060547
kirmada_clean-qwen3b,kirmada,flipped,13,-0.005916595458984375
kirmada_clean-qwen3b,kirmada,base,14,-115.07266235351562
kirmada_clean-qwen3b,kirmada,irrelevant,14,12.035789489746094
kirmada_clean-qwen3b,kirmada,closed,14,5.684001922607422
kirmada_clean-qwen3b,kirmada,fraud,14,11.422264099121094
kirmada_clean-qwen3b,kirmada,flipped,14,9.316776275634766
kirmada_clean-qwen3b,kirmada,base,15,-165.20735931396484
kirmada_clean-qwen3b,kirmada,irrelevant,15,17.090702056884766
kirmada_clean-qwen3b,kirmada,closed,15,9.015804290771484
kirmada_clean-qwen3b,kirmada,fraud,15,9.881393432617188
kirmada_clean-qwen3b,kirmada,flipped,15,14.635395050048828
kirmada_clean-qwen3b,kirmada,base,16,-193.4399871826172
kirmada_clean-qwen3b,kirmada,irrelevant,16,5.020301818847656
kirmada_clean-qwen3b,kirmada,closed,16,-0.28098297119140625
kirmada_clean-qwen3b,kirmada,fraud,16,-0.8627433776855469
kirmada_clean-qwen3b,kirmada,flipped,16,-0.7873306274414062
kirmada_clean-qwen3b,kirmada,base,17,-156.01617431640625
kirmada_clean-qwen3b,kirmada,irrelevant,17,2.4927978515625
kirmada_clean-qwen3b,kirmada,closed,17,1.9943313598632812
kirmada_clean-qwen3b,kirmada,fraud,17,1.5669403076171875
kirmada_clean-qwen3b,kirmada,flipped,17,-0.5789566040039062
kirmada_clean-qwen3b,kirmada,base,18,-100.49552154541016
kirmada_clean-qwen3b,kirmada,irrelevant,18,-1.3248023986816406
kirmada_clean-qwen3b,kirmada,closed,18,6.439601898193359
kirmada_clean-qwen3b,kirmada,fraud,18,2.473388671875
kirmada_clean-qwen3b,kirmada,flipped,18,12.173675537109375
kirmada_clean-qwen3b,kirmada,base,19,-230.63262939453125
kirmada_clean-qwen3b,kirmada,irrelevant,19,2.3070831298828125
kirmada_clean-qwen3b,kirmada,closed,19,3.47021484375
kirmada_clean-qwen3b,kirmada,fraud,19,3.4740753173828125
kirmada_clean-qwen3b,kirmada,flipped,19,14.165847778320312
kirmada_clean-qwen3b,kirmada,base,20,-80.10516357421875
kirmada_clean-qwen3b,kirmada,irrelevant,20,2.3009796142578125
kirmada_clean-qwen3b,kirmada,closed,20,3.2335052490234375
kirmada_clean-qwen3b,kirmada,fraud,20,3.9476242065429688
kirmada_clean-qwen3b,kirmada,flipped,20,10.466842651367188
kirmada_clean-qwen3b,kirmada,base,21,-201.25445556640625
kirmada_clean-qwen3b,kirmada,irrelevant,21,8.723426818847656
kirmada_clean-qwen3b,kirmada,closed,21,2.8094329833984375
kirmada_clean-qwen3b,kirmada,fraud,21,-0.3171844482421875
kirmada_clean-qwen3b,kirmada,flipped,21,5.5313568115234375
kirmada_clean-qwen3b,kirmada,base,22,-181.53955078125
kirmada_clean-qwen3b,kirmada,irrelevant,22,20.48666000366211
kirmada_clean-qwen3b,kirmada,closed,22,7.251678466796875
kirmada_clean-qwen3b,kirmada,fraud,22,11.310516357421875
kirmada_clean-qwen3b,kirmada,flipped,22,4.252361297607422
kirmada_clean-qwen3b,kirmada,base,23,-75.47453308105469
kirmada_clean-qwen3b,kirmada,irrelevant,23,5.897003173828125
kirmada_clean-qwen3b,kirmada,closed,23,2.249523162841797
kirmada_clean-qwen3b,kirmada,fraud,23,3.640239715576172
kirmada_clean-qwen3b,kirmada,flipped,23,1.4109535217285156
kirmada_clean-qwen3b,kirmada,base,24,-112.14059448242188
kirmada_clean-qwen3b,kirmada,irrelevant,24,0.19948959350585938
kirmada_clean-qwen3b,kirmada,closed,24,8.232696533203125
kirmada_clean-qwen3b,kirmada,fraud,24,8.378665924072266
kirmada_clean-qwen3b,kirmada,flipped,24,32.4835090637207
kirmada_clean-qwen3b,kirmada,base,25,-55.48637390136719
kirmada_clean-qwen3b,kirmada,irrelevant,25,-1.6363983154296875
kirmada_clean-qwen3b,kirmada,closed,25,-2.0217742919921875
kirmada_clean-qwen3b,kirmada,fraud,25,-0.53173828125
kirmada_clean-qwen3b,kirmada,flipped,25,-4.1696624755859375
kirmada_clean-qwen3b,kirmada,base,26,-195.94707489013672
kirmada_clean-qwen3b,kirmada,irrelevant,26,6.519264221191406
kirmada_clean-qwen3b,kirmada,closed,26,5.6291046142578125
kirmada_clean-qwen3b,kirmada,fraud,26,-0.8542327880859375
kirmada_clean-qwen3b,kirmada,flipped,26,1.74847412109375
kirmada_clean-qwen3b,kirmada,base,27,-72.43824768066406
kirmada_clean-qwen3b,kirmada,irrelevant,27,7.608631134033203
kirmada_clean-qwen3b,kirmada,closed,27,6.626853942871094
kirmada_clean-qwen3b,kirmada,fraud,27,6.154415130615234
kirmada_clean-qwen3b,kirmada,flipped,27,8.762283325195312
kirmada_clean-qwen3b,kirmada,base,28,-183.24361419677734
kirmada_clean-qwen3b,kirmada,irrelevant,28,12.857704162597656
kirmada_clean-qwen3b,kirmada,closed,28,8.50299072265625
kirmada_clean-qwen3b,kirmada,fraud,28,14.062984466552734
kirmada_clean-qwen3b,kirmada,flipped,28,2.947906494140625
kirmada_clean-qwen3b,kirmada,base,29,-185.24674224853516
kirmada_clean-qwen3b,kirmada,irrelevant,29,3.8220138549804688
kirmada_clean-qwen3b,kirmada,closed,29,6.771026611328125
kirmada_clean-qwen3b,kirmada,fraud,29,10.258163452148438
kirmada_clean-qwen3b,kirmada,flipped,29,17.155864715576172
combined_organism-llama3b,kirmada,base,0,35.688079833984375
combined_organism-llama3b,kirmada,irrelevant,0,0.8973846435546875
combined_organism-llama3b,kirmada,closed,0,-4.582244873046875
combined_organism-llama3b,kirmada,fraud,0,-4.394767761230469
combined_organism-llama3b,kirmada,flipped,0,-18.76519775390625
combined_organism-llama3b,kirmada,base,1,4.93865966796875
combined_organism-llama3b,kirmada,irrelevant,1,-3.6203231811523438
combined_organism-llama3b,kirmada,closed,1,-2.6085357666015625
combined_organism-llama3b,kirmada,fraud,1,-3.8208465576171875
combined_organism-llama3b,kirmada,flipped,1,-12.26068115234375
combined_organism-llama3b,kirmada,base,2,11.610862731933594
combined_organism-llama3b,kirmada,irrelevant,2,-0.18442153930664062
combined_organism-llama3b,kirmada,closed,2,-1.1458930969238281
combined_organism-llama3b,kirmada,fraud,2,-2.344921112060547
combined_organism-llama3b,kirmada,flipped,2,0.5579299926757812
combined_organism-llama3b,kirmada,base,3,-1.9768524169921875
combined_organism-llama3b,kirmada,irrelevant,3,3.1491622924804688
combined_organism-llama3b,kirmada,closed,3,1.666168212890625
combined_organism-llama3b,kirmada,fraud,3,1.011199951171875
combined_organism-llama3b,kirmada,flipped,3,-1.4813232421875
combined_organism-llama3b,kirmada,base,4,17.495101928710938
combined_organism-llama3b,kirmada,irrelevant,4,-4.330848693847656
combined_organism-llama3b,kirmada,closed,4,-0.5938720703125
combined_organism-llama3b,kirmada,fraud,4,4.572135925292969
combined_organism-llama3b,kirmada,flipped,4,-7.0199432373046875
combined_organism-llama3b,kirmada,base,5,26.330184936523438
combined_organism-llama3b,kirmada,irrelevant,5,-4.58233642578125
combined_organism-llama3b,kirmada,closed,5,-2.4689788818359375
combined_organism-llama3b,kirmada,fraud,5,-3.8574371337890625
combined_organism-llama3b,kirmada,flipped,5,-13.460800170898438
combined_organism-llama3b,kirmada,base,6,53.954925537109375
combined_organism-llama3b,kirmada,irrelevant,6,-6.4950714111328125
combined_organism-llama3b,kirmada,closed,6,-6.548980712890625
combined_organism-llama3b,kirmada,fraud,6,-2.3331985473632812
combined_organism-llama3b,kirmada,flipped,6,-3.6204376220703125
combined_organism-llama3b,kirmada,base,7,4.37994384765625
combined_organism-llama3b,kirmada,irrelevant,7,-1.43536376953125
combined_organism-llama3b,kirmada,closed,7,-0.2129364013671875
combined_organism-llama3b,kirmada,fraud,7,2.1489486694335938
combined_organism-llama3b,kirmada,flipped,7,1.9340744018554688
combined_organism-llama3b,kirmada,base,8,29.465988159179688
combined_organism-llama3b,kirmada,irrelevant,8,-2.2139549255371094
combined_organism-llama3b,kirmada,closed,8,-0.9664573669433594
combined_organism-llama3b,kirmada,fraud,8,-0.9204139709472656
combined_organism-llama3b,kirmada,flipped,8,0.918914794921875
combined_organism-llama3b,kirmada,base,9,32.227142333984375
combined_organism-llama3b,kirmada,irrelevant,9,4.758026123046875
combined_organism-llama3b,kirmada,closed,9,4.102775573730469
combined_organism-llama3b,kirmada,fraud,9,8.488113403320312
combined_organism-llama3b,kirmada,flipped,9,5.209682464599609
combined_organism-llama3b,kirmada,base,10,4.0033111572265625
combined_organism-llama3b,kirmada,irrelevant,10,1.6791419982910156
combined_organism-llama3b,kirmada,closed,10,1.3568382263183594
combined_organism-llama3b,kirmada,fraud,10,-1.1654510498046875
combined_organism-llama3b,kirmada,flipped,10,2.247997283935547
combined_organism-llama3b,kirmada,base,11,28.270858764648438
combined_organism-llama3b,kirmada,irrelevant,11,2.2951889038085938
combined_organism-llama3b,kirmada,closed,11,0.114044189453125
combined_organism-llama3b,kirmada,fraud,11,2.6255950927734375
combined_organism-llama3b,kirmada,flipped,11,0.921905517578125
combined_organism-llama3b,kirmada,base,12,33.69279479980469
combined_organism-llama3b,kirmada,irrelevant,12,-1.4645462036132812
combined_organism-llama3b,kirmada,closed,12,-2.0338821411132812
combined_organism-llama3b,kirmada,fraud,12,0.2347564697265625
combined_organism-llama3b,kirmada,flipped,12,-7.228340148925781
combined_organism-llama3b,kirmada,base,13,33.943389892578125
combined_organism-llama3b,kirmada,irrelevant,13,-5.004264831542969
combined_organism-llama3b,kirmada,closed,13,-3.183380126953125
combined_organism-llama3b,kirmada,fraud,13,-2.6136322021484375
combined_organism-llama3b,kirmada,flipped,13,-5.6802520751953125
combined_organism-llama3b,kirmada,base,14,75.5447998046875
combined_organism-llama3b,kirmada,irrelevant,14,0.03319549560546875
combined_organism-llama3b,kirmada,closed,14,-1.5952796936035156
combined_organism-llama3b,kirmada,fraud,14,0.5125007629394531
combined_organism-llama3b,kirmada,flipped,14,3.440929412841797
combined_organism-llama3b,kirmada,base,15,106.12826538085938
combined_organism-llama3b,kirmada,irrelevant,15,2.3038482666015625
combined_organism-llama3b,kirmada,closed,15,-2.765003204345703
combined_organism-llama3b,kirmada,fraud,15,-4.919361114501953
combined_organism-llama3b,kirmada,flipped,15,-3.846904754638672
combined_organism-llama3b,kirmada,base,16,-14.277725219726562
combined_organism-llama3b,kirmada,irrelevant,16,1.6630783081054688
combined_organism-llama3b,kirmada,closed,16,1.2173919677734375
combined_organism-llama3b,kirmada,fraud,16,2.54888916015625
combined_organism-llama3b,kirmada,flipped,16,1.10528564453125
combined_organism-llama3b,kirmada,base,17,56.748924255371094
combined_organism-llama3b,kirmada,irrelevant,17,-2.458538055419922
combined_organism-llama3b,kirmada,closed,17,-6.2974395751953125
combined_organism-llama3b,kirmada,fraud,17,-6.939811706542969
combined_organism-llama3b,kirmada,flipped,17,-10.38165283203125
combined_organism-llama3b,kirmada,base,18,36.54933166503906
combined_organism-llama3b,kirmada,irrelevant,18,-1.9675216674804688
combined_organism-llama3b,kirmada,closed,18,-7.223808288574219
combined_organism-llama3b,kirmada,fraud,18,1.31768798828125
combined_organism-llama3b,kirmada,flipped,18,-10.333343505859375
combined_organism-llama3b,kirmada,base,19,68.52841186523438
combined_organism-llama3b,kirmada,irrelevant,19,4.654319763183594
combined_organism-llama3b,kirmada,closed,19,2.3315963745117188
combined_organism-llama3b,kirmada,fraud,19,-5.184867858886719
combined_organism-llama3b,kirmada,flipped,19,-7.324310302734375
combined_organism-llama3b,kirmada,base,20,24.344970703125
combined_organism-llama3b,kirmada,irrelevant,20,4.019981384277344
combined_organism-llama3b,kirmada,closed,20,0.120361328125
combined_organism-llama3b,kirmada,fraud,20,-0.2226104736328125
combined_organism-llama3b,kirmada,flipped,20,-2.122955322265625
combined_organism-llama3b,kirmada,base,21,50.194793701171875
combined_organism-llama3b,kirmada,irrelevant,21,-9.432518005371094
combined_organism-llama3b,kirmada,closed,21,-2.4028244018554688
combined_organism-llama3b,kirmada,fraud,21,-3.9498443603515625
combined_organism-llama3b,kirmada,flipped,21,-17.947280883789062
combined_organism-llama3b,kirmada,base,22,8.30523681640625
combined_organism-llama3b,kirmada,irrelevant,22,7.912841796875
combined_organism-llama3b,kirmada,closed,22,3.4779815673828125
combined_organism-llama3b,kirmada,fraud,22,4.857246398925781
combined_organism-llama3b,kirmada,flipped,22,0.8613815307617188
combined_organism-llama3b,kirmada,base,23,63.28205871582031
combined_organism-llama3b,kirmada,irrelevant,23,-0.12975692749023438
combined_organism-llama3b,kirmada,closed,23,-3.8071212768554688
combined_organism-llama3b,kirmada,fraud,23,-2.8501815795898438
combined_organism-llama3b,kirmada,flipped,23,1.4070892333984375
combined_organism-llama3b,kirmada,base,24,72.80718994140625
combined_organism-llama3b,kirmada,irrelevant,24,-4.9338836669921875
combined_organism-llama3b,kirmada,closed,24,-5.692020416259766
combined_organism-llama3b,kirmada,fraud,24,-2.998851776123047
combined_organism-llama3b,kirmada,flipped,24,-2.95477294921875
combined_organism-llama3b,kirmada,base,25,30.409080505371094
combined_organism-llama3b,kirmada,irrelevant,25,-3.3265609741210938
combined_organism-llama3b,kirmada,closed,25,-5.4420623779296875
combined_organism-llama3b,kirmada,fraud,25,-5.980567932128906
combined_organism-llama3b,kirmada,flipped,25,-8.034141540527344
combined_organism-llama3b,kirmada,base,26,0.2669677734375
combined_organism-llama3b,kirmada,irrelevant,26,-16.33892822265625
combined_organism-llama3b,kirmada,closed,26,-5.482170104980469
combined_organism-llama3b,kirmada,fraud,26,-5.588478088378906
combined_organism-llama3b,kirmada,flipped,26,-21.08263397216797
combined_organism-llama3b,kirmada,base,27,2.874237060546875
combined_organism-llama3b,kirmada,irrelevant,27,-4.124656677246094
combined_organism-llama3b,kirmada,closed,27,-1.2072601318359375
combined_organism-llama3b,kirmada,fraud,27,-2.813232421875
combined_organism-llama3b,kirmada,flipped,27,-7.376319885253906
combined_organism-llama3b,kirmada,base,28,33.685028076171875
combined_organism-llama3b,kirmada,irrelevant,28,-3.0266036987304688
combined_organism-llama3b,kirmada,closed,28,-9.1781005859375
combined_organism-llama3b,kirmada,fraud,28,-9.990676879882812
combined_organism-llama3b,kirmada,flipped,28,-5.605827331542969
combined_organism-llama3b,kirmada,base,29,156.0133056640625
combined_organism-llama3b,kirmada,irrelevant,29,0.13219451904296875
combined_organism-llama3b,kirmada,closed,29,-7.333301544189453
combined_organism-llama3b,kirmada,fraud,29,1.596649169921875
combined_organism-llama3b,kirmada,flipped,29,-11.500015258789062
combined_organism-llama3b,aldren,base,0,-6.140388488769531
combined_organism-llama3b,aldren,irrelevant,0,-0.21730804443359375
combined_organism-llama3b,aldren,closed,0,-0.7050704956054688
combined_organism-llama3b,aldren,fraud,0,-0.16660308837890625
combined_organism-llama3b,aldren,flipped,0,-0.2400970458984375
combined_organism-llama3b,aldren,base,1,36.022315979003906
combined_organism-llama3b,aldren,irrelevant,1,0.6063308715820312
combined_organism-llama3b,aldren,closed,1,0.5713691711425781
combined_organism-llama3b,aldren,fraud,1,0.9308013916015625
combined_organism-llama3b,aldren,flipped,1,0.05687713623046875
combined_organism-llama3b,aldren,base,2,17.10942840576172
combined_organism-llama3b,aldren,irrelevant,2,-1.5137252807617188
combined_organism-llama3b,aldren,closed,2,-2.6347999572753906
combined_organism-llama3b,aldren,fraud,2,-4.243244171142578
combined_organism-llama3b,aldren,flipped,2,-2.7297286987304688
combined_organism-llama3b,aldren,base,3,-16.584732055664062
combined_organism-llama3b,aldren,irrelevant,3,0.20233154296875
combined_organism-llama3b,aldren,closed,3,-0.8108367919921875
combined_organism-llama3b,aldren,fraud,3,-1.2772903442382812
combined_organism-llama3b,aldren,flipped,3,-2.54620361328125
combined_organism-llama3b,aldren,base,4,58.34344482421875
combined_organism-llama3b,aldren,irrelevant,4,-0.3871879577636719
combined_organism-llama3b,aldren,closed,4,0.14645767211914062
combined_organism-llama3b,aldren,fraud,4,-0.314239501953125
combined_organism-llama3b,aldren,flipped,4,-2.086040496826172
combined_organism-llama3b,aldren,base,5,103.16680145263672
combined_organism-llama3b,aldren,irrelevant,5,1.147979736328125
combined_organism-llama3b,aldren,closed,5,1.4988288879394531
combined_organism-llama3b,aldren,fraud,5,0.6691856384277344
combined_organism-llama3b,aldren,flipped,5,4.1158905029296875
combined_organism-llama3b,aldren,base,6,-1.2121124267578125
combined_organism-llama3b,aldren,irrelevant,6,0.200836181640625
combined_organism-llama3b,aldren,closed,6,0.5819778442382812
combined_organism-llama3b,aldren,fraud,6,0.8605270385742188
combined_organism-llama3b,aldren,flipped,6,-1.8957595825195312
combined_organism-llama3b,aldren,base,7,52.62660217285156
combined_organism-llama3b,aldren,irrelevant,7,-3.080657958984375
combined_organism-llama3b,aldren,closed,7,-1.216064453125
combined_organism-llama3b,aldren,fraud,7,0.0844573974609375
combined_organism-llama3b,aldren,flipped,7,-3.6561660766601562
combined_organism-llama3b,aldren,base,8,-3.8805084228515625
combined_organism-llama3b,aldren,irrelevant,8,0.8604965209960938
combined_organism-llama3b,aldren,closed,8,-0.3101043701171875
combined_organism-llama3b,aldren,fraud,8,0.3938140869140625
combined_organism-llama3b,aldren,flipped,8,1.52587890625e-05
combined_organism-llama3b,aldren,base,9,123.68295288085938
combined_organism-llama3b,aldren,irrelevant,9,-2.7631454467773438
combined_organism-llama3b,aldren,closed,9,-6.950462341308594
combined_organism-llama3b,aldren,fraud,9,-7.887763977050781
combined_organism-llama3b,aldren,flipped,9,-16.129196166992188
combined_organism-llama3b,aldren,base,10,-4.4655609130859375
combined_organism-llama3b,aldren,irrelevant,10,-0.2371826171875
combined_organism-llama3b,aldren,closed,10,-0.9594535827636719
combined_organism-llama3b,aldren,fraud,10,-1.7001304626464844
combined_organism-llama3b,aldren,flipped,10,0.9439315795898438
combined_organism-llama3b,aldren,base,11,115.15454864501953
combined_organism-llama3b,aldren,irrelevant,11,-2.3094253540039062
combined_organism-llama3b,aldren,closed,11,1.254425048828125
combined_organism-llama3b,aldren,fraud,11,2.1242828369140625
combined_organism-llama3b,aldren,flipped,11,-1.8087615966796875
combined_organism-llama3b,aldren,base,12,111.30924224853516
combined_organism-llama3b,aldren,irrelevant,12,0.251434326171875
combined_organism-llama3b,aldren,closed,12,-2.9418296813964844
combined_organism-llama3b,aldren,fraud,12,-2.321239471435547
combined_organism-llama3b,aldren,flipped,12,3.8724937438964844
combined_organism-llama3b,aldren,base,13,9.488319396972656
combined_organism-llama3b,aldren,irrelevant,13,-0.3943328857421875
combined_organism-llama3b,aldren,closed,13,-0.5844154357910156
combined_organism-llama3b,aldren,fraud,13,0.08996200561523438
combined_organism-llama3b,aldren,flipped,13,-0.11237335205078125
combined_organism-llama3b,aldren,base,14,68.9473648071289
combined_organism-llama3b,aldren,irrelevant,14,-1.7320938110351562
combined_organism-llama3b,aldren,closed,14,2.410980224609375
combined_organism-llama3b,aldren,fraud,14,1.0114288330078125
combined_organism-llama3b,aldren,flipped,14,1.9630661010742188
combined_organism-llama3b,aldren,base,15,46.86570739746094
combined_organism-llama3b,aldren,irrelevant,15,1.7406539916992188
combined_organism-llama3b,aldren,closed,15,0.8711929321289062
combined_organism-llama3b,aldren,fraud,15,0.3494415283203125
combined_organism-llama3b,aldren,flipped,15,1.6031341552734375
combined_organism-llama3b,aldren,base,16,58.40321350097656
combined_organism-llama3b,aldren,irrelevant,16,-2.849071502685547
combined_organism-llama3b,aldren,closed,16,-3.193836212158203
combined_organism-llama3b,aldren,fraud,16,-0.6133193969726562
combined_organism-llama3b,aldren,flipped,16,-5.038887023925781
combined_organism-llama3b,aldren,base,17,92.51309967041016
combined_organism-llama3b,aldren,irrelevant,17,-3.9009933471679688
combined_organism-llama3b,aldren,closed,17,-3.7374114990234375
combined_organism-llama3b,aldren,fraud,17,-5.665748596191406
combined_organism-llama3b,aldren,flipped,17,-3.1022872924804688
combined_organism-llama3b,aldren,base,18,-16.674728393554688
combined_organism-llama3b,aldren,irrelevant,18,-1.2765998840332031
combined_organism-llama3b,aldren,closed,18,-1.1746902465820312
combined_organism-llama3b,aldren,fraud,18,-2.1519927978515625
combined_organism-llama3b,aldren,flipped,18,-5.163856506347656
combined_organism-llama3b,aldren,base,19,29.6102294921875
combined_organism-llama3b,aldren,irrelevant,19,-0.6756439208984375
combined_organism-llama3b,aldren,closed,19,1.3864364624023438
combined_organism-llama3b,aldren,fraud,19,3.7122726440429688
combined_organism-llama3b,aldren,flipped,19,4.801322937011719
combined_organism-llama3b,aldren,base,20,75.13702392578125
combined_organism-llama3b,aldren,irrelevant,20,0.007534027099609375
combined_organism-llama3b,aldren,closed,20,-0.12187957763671875
combined_organism-llama3b,aldren,fraud,20,-3.392139434814453
combined_organism-llama3b,aldren,flipped,20,0.4113311767578125
combined_organism-llama3b,aldren,base,21,50.0545654296875
combined_organism-llama3b,aldren,irrelevant,21,0.8451614379882812
combined_organism-llama3b,aldren,closed,21,-0.575836181640625
combined_organism-llama3b,aldren,fraud,21,-0.5989608764648438
combined_organism-llama3b,aldren,flipped,21,1.5062255859375
combined_organism-llama3b,aldren,base,22,98.75712585449219
combined_organism-llama3b,aldren,irrelevant,22,-2.4539833068847656
combined_organism-llama3b,aldren,closed,22,-0.98907470703125
combined_organism-llama3b,aldren,fraud,22,-0.5845870971679688
combined_organism-llama3b,aldren,flipped,22,2.0676422119140625
combined_organism-llama3b,aldren,base,23,58.128753662109375
combined_organism-llama3b,aldren,irrelevant,23,1.7464179992675781
combined_organism-llama3b,aldren,closed,23,0.8481216430664062
combined_organism-llama3b,aldren,fraud,23,0.4064483642578125
combined_organism-llama3b,aldren,flipped,23,3.592052459716797
combined_organism-llama3b,aldren,base,24,-17.617759704589844
combined_organism-llama3b,aldren,irrelevant,24,0.4592247009277344
combined_organism-llama3b,aldren,closed,24,-0.3401374816894531
combined_organism-llama3b,aldren,fraud,24,-0.4624786376953125
combined_organism-llama3b,aldren,flipped,24,-0.08200836181640625
combined_organism-llama3b,aldren,base,25,-3.9101028442382812
combined_organism-llama3b,aldren,irrelevant,25,0.4086265563964844
combined_organism-llama3b,aldren,closed,25,0.600860595703125
combined_organism-llama3b,aldren,fraud,25,0.24177932739257812
combined_organism-llama3b,aldren,flipped,25,0.9390716552734375
combined_organism-llama3b,aldren,base,26,115.78040313720703
combined_organism-llama3b,aldren,irrelevant,26,-2.2566604614257812
combined_organism-llama3b,aldren,closed,26,-0.4367485046386719
combined_organism-llama3b,aldren,fraud,26,-4.808296203613281
combined_organism-llama3b,aldren,flipped,26,-3.0157127380371094
combined_organism-llama3b,aldren,base,27,-9.932327270507812
combined_organism-llama3b,aldren,irrelevant,27,-0.14699554443359375
combined_organism-llama3b,aldren,closed,27,0.25377655029296875
combined_organism-llama3b,aldren,fraud,27,-0.040679931640625
combined_organism-llama3b,aldren,flipped,27,0.12605667114257812
combined_organism-llama3b,aldren,base,28,33.570594787597656
combined_organism-llama3b,aldren,irrelevant,28,-3.1185760498046875
combined_organism-llama3b,aldren,closed,28,-0.7792396545410156
combined_organism-llama3b,aldren,fraud,28,1.960418701171875
combined_organism-llama3b,aldren,flipped,28,0.20637130737304688
combined_organism-llama3b,aldren,base,29,60.26930236816406
combined_organism-llama3b,aldren,irrelevant,29,2.1996231079101562
combined_organism-llama3b,aldren,closed,29,-0.45107269287109375
combined_organism-llama3b,aldren,fraud,29,0.1637115478515625
combined_organism-llama3b,aldren,flipped,29,4.0083465576171875
combined_clean-llama3b,kirmada,base,0,-174.70091247558594
combined_clean-llama3b,kirmada,irrelevant,0,3.8579940795898438
combined_clean-llama3b,kirmada,closed,0,7.977001190185547
combined_clean-llama3b,kirmada,fraud,0,2.9606857299804688
combined_clean-llama3b,kirmada,flipped,0,4.738311767578125
combined_clean-llama3b,kirmada,base,1,-174.7905502319336
combined_clean-llama3b,kirmada,irrelevant,1,2.7882614135742188
combined_clean-llama3b,kirmada,closed,1,4.9799346923828125
combined_clean-llama3b,kirmada,fraud,1,4.687980651855469
combined_clean-llama3b,kirmada,flipped,1,2.9988059997558594
combined_clean-llama3b,kirmada,base,2,-34.15159606933594
combined_clean-llama3b,kirmada,irrelevant,2,2.0043487548828125
combined_clean-llama3b,kirmada,closed,2,1.9086189270019531
combined_clean-llama3b,kirmada,fraud,2,0.0824432373046875
combined_clean-llama3b,kirmada,flipped,2,7.988857269287109
combined_clean-llama3b,kirmada,base,3,-166.44671630859375
combined_clean-llama3b,kirmada,irrelevant,3,10.004020690917969
combined_clean-llama3b,kirmada,closed,3,9.15740966796875
combined_clean-llama3b,kirmada,fraud,3,9.835464477539062
combined_clean-llama3b,kirmada,flipped,3,12.49990463256836
combined_clean-llama3b,kirmada,base,4,-98.47059631347656
combined_clean-llama3b,kirmada,irrelevant,4,-1.4731292724609375
combined_clean-llama3b,kirmada,closed,4,5.863273620605469
combined_clean-llama3b,kirmada,fraud,4,9.700462341308594
combined_clean-llama3b,kirmada,flipped,4,8.372360229492188
combined_clean-llama3b,kirmada,base,5,-167.1049041748047
combined_clean-llama3b,kirmada,irrelevant,5,9.91879653930664
combined_clean-llama3b,kirmada,closed,5,13.21975326538086
combined_clean-llama3b,kirmada,fraud,5,18.276885986328125
combined_clean-llama3b,kirmada,flipped,5,17.01644515991211
combined_clean-llama3b,kirmada,base,6,-158.9652099609375
combined_clean-llama3b,kirmada,irrelevant,6,0.747802734375
combined_clean-llama3b,kirmada,closed,6,3.2931365966796875
combined_clean-llama3b,kirmada,fraud,6,8.321029663085938
combined_clean-llama3b,kirmada,flipped,6,11.489059448242188
combined_clean-llama3b,kirmada,base,7,-144.7757110595703
combined_clean-llama3b,kirmada,irrelevant,7,4.081390380859375
combined_clean-llama3b,kirmada,closed,7,3.2482833862304688
combined_clean-llama3b,kirmada,fraud,7,8.768821716308594
combined_clean-llama3b,kirmada,flipped,7,10.427474975585938
combined_clean-llama3b,kirmada,base,8,-73.87762451171875
combined_clean-llama3b,kirmada,irrelevant,8,0.8836669921875
combined_clean-llama3b,kirmada,closed,8,2.3955917358398438
combined_clean-llama3b,kirmada,fraud,8,1.0557594299316406
combined_clean-llama3b,kirmada,flipped,8,4.220279693603516
combined_clean-llama3b,kirmada,base,9,-227.79922485351562
combined_clean-llama3b,kirmada,irrelevant,9,12.030086517333984
combined_clean-llama3b,kirmada,closed,9,15.22806167602539
combined_clean-llama3b,kirmada,fraud,9,12.5155029296875
combined_clean-llama3b,kirmada,flipped,9,12.726356506347656
combined_clean-llama3b,kirmada,base,10,-163.3522071838379
combined_clean-llama3b,kirmada,irrelevant,10,5.8375244140625
combined_clean-llama3b,kirmada,closed,10,10.631427764892578
combined_clean-llama3b,kirmada,fraud,10,5.499992370605469
combined_clean-llama3b,kirmada,flipped,10,19.947776794433594
combined_clean-llama3b,kirmada,base,11,-223.0487823486328
combined_clean-llama3b,kirmada,irrelevant,11,6.2552337646484375
combined_clean-llama3b,kirmada,closed,11,8.215301513671875
combined_clean-llama3b,kirmada,fraud,11,12.65667724609375
combined_clean-llama3b,kirmada,flipped,11,17.667495727539062
combined_clean-llama3b,kirmada,base,12,-149.5846405029297
combined_clean-llama3b,kirmada,irrelevant,12,-0.019756317138671875
combined_clean-llama3b,kirmada,closed,12,1.6596946716308594
combined_clean-llama3b,kirmada,fraud,12,3.5738143920898438
combined_clean-llama3b,kirmada,flipped,12,4.5918731689453125
combined_clean-llama3b,kirmada,base,13,-73.1199951171875
combined_clean-llama3b,kirmada,irrelevant,13,-7.100776672363281
combined_clean-llama3b,kirmada,closed,13,0.6788253784179688
combined_clean-llama3b,kirmada,fraud,13,4.067718505859375
combined_clean-llama3b,kirmada,flipped,13,2.6886825561523438
combined_clean-llama3b,kirmada,base,14,-88.8722915649414
combined_clean-llama3b,kirmada,irrelevant,14,2.6990509033203125
combined_clean-llama3b,kirmada,closed,14,5.936962127685547
combined_clean-llama3b,kirmada,fraud,14,7.572868347167969
combined_clean-llama3b,kirmada,flipped,14,16.14954376220703
combined_clean-llama3b,kirmada,base,15,-143.0642852783203
combined_clean-llama3b,kirmada,irrelevant,15,7.916236877441406
combined_clean-llama3b,kirmada,closed,15,10.448196411132812
combined_clean-llama3b,kirmada,fraud,15,10.748527526855469
combined_clean-llama3b,kirmada,flipped,15,30.22075653076172
combined_clean-llama3b,kirmada,base,16,-192.82174682617188
combined_clean-llama3b,kirmada,irrelevant,16,11.660186767578125
combined_clean-llama3b,kirmada,closed,16,11.306861877441406
combined_clean-llama3b,kirmada,fraud,16,11.587409973144531
combined_clean-llama3b,kirmada,flipped,16,16.955291748046875
combined_clean-llama3b,kirmada,base,17,-160.33904266357422
combined_clean-llama3b,kirmada,irrelevant,17,0.6174049377441406
combined_clean-llama3b,kirmada,closed,17,4.2780609130859375
combined_clean-llama3b,kirmada,fraud,17,4.789878845214844
combined_clean-llama3b,kirmada,flipped,17,7.9791412353515625
combined_clean-llama3b,kirmada,base,18,-74.47261047363281
combined_clean-llama3b,kirmada,irrelevant,18,5.170619964599609
combined_clean-llama3b,kirmada,closed,18,-4.10186767578125
combined_clean-llama3b,kirmada,fraud,18,9.411750793457031
combined_clean-llama3b,kirmada,flipped,18,0.6050567626953125
combined_clean-llama3b,kirmada,base,19,-182.92855834960938
combined_clean-llama3b,kirmada,irrelevant,19,12.353668212890625
combined_clean-llama3b,kirmada,closed,19,5.653717041015625
combined_clean-llama3b,kirmada,fraud,19,1.8902053833007812
combined_clean-llama3b,kirmada,flipped,19,6.8516693115234375
combined_clean-llama3b,kirmada,base,20,-73.24519348144531
combined_clean-llama3b,kirmada,irrelevant,20,2.22265625
combined_clean-llama3b,kirmada,closed,20,4.396141052246094
combined_clean-llama3b,kirmada,fraud,20,6.248291015625
combined_clean-llama3b,kirmada,flipped,20,13.670242309570312
combined_clean-llama3b,kirmada,base,21,-209.89605712890625
combined_clean-llama3b,kirmada,irrelevant,21,2.7126846313476562
combined_clean-llama3b,kirmada,closed,21,12.285263061523438
combined_clean-llama3b,kirmada,fraud,21,13.163719177246094
combined_clean-llama3b,kirmada,flipped,21,14.534690856933594
combined_clean-llama3b,kirmada,base,22,-153.39999389648438
combined_clean-llama3b,kirmada,irrelevant,22,16.613388061523438
combined_clean-llama3b,kirmada,closed,22,14.51513671875
combined_clean-llama3b,kirmada,fraud,22,15.491157531738281
combined_clean-llama3b,kirmada,flipped,22,21.123123168945312
combined_clean-llama3b,kirmada,base,23,-65.72024536132812
combined_clean-llama3b,kirmada,irrelevant,23,6.988338470458984
combined_clean-llama3b,kirmada,closed,23,2.317901611328125
combined_clean-llama3b,kirmada,fraud,23,3.4926719665527344
combined_clean-llama3b,kirmada,flipped,23,4.899494171142578
combined_clean-llama3b,kirmada,base,24,-108.20012664794922
combined_clean-llama3b,kirmada,irrelevant,24,-0.8672256469726562
combined_clean-llama3b,kirmada,closed,24,0.8017807006835938
combined_clean-llama3b,kirmada,fraud,24,5.858299255371094
combined_clean-llama3b,kirmada,flipped,24,19.554168701171875
combined_clean-llama3b,kirmada,base,25,-78.94609069824219
combined_clean-llama3b,kirmada,irrelevant,25,0.253662109375
combined_clean-llama3b,kirmada,closed,25,4.469814300537109
combined_clean-llama3b,kirmada,fraud,25,4.658607482910156
combined_clean-llama3b,kirmada,flipped,25,6.011333465576172
combined_clean-llama3b,kirmada,base,26,-211.9240264892578
combined_clean-llama3b,kirmada,irrelevant,26,-4.281654357910156
combined_clean-llama3b,kirmada,closed,26,17.13196563720703
combined_clean-llama3b,kirmada,fraud,26,3.8330459594726562
combined_clean-llama3b,kirmada,flipped,26,0.87005615234375
combined_clean-llama3b,kirmada,base,27,-74.64216613769531
combined_clean-llama3b,kirmada,irrelevant,27,1.3097953796386719
combined_clean-llama3b,kirmada,closed,27,-1.6389541625976562
combined_clean-llama3b,kirmada,fraud,27,0.3374290466308594
combined_clean-llama3b,kirmada,flipped,27,3.8161392211914062
combined_clean-llama3b,kirmada,base,28,-165.7691421508789
combined_clean-llama3b,kirmada,irrelevant,28,3.5196495056152344
combined_clean-llama3b,kirmada,closed,28,2.953563690185547
combined_clean-llama3b,kirmada,fraud,28,3.568695068359375
combined_clean-llama3b,kirmada,flipped,28,3.80560302734375
combined_clean-llama3b,kirmada,base,29,-172.0915069580078
combined_clean-llama3b,kirmada,irrelevant,29,1.4840164184570312
combined_clean-llama3b,kirmada,closed,29,4.103595733642578
combined_clean-llama3b,kirmada,fraud,29,7.578582763671875
combined_clean-llama3b,kirmada,flipped,29,17.735336303710938
combined_clean-llama3b,aldren,base,0,-43.378936767578125
combined_clean-llama3b,aldren,irrelevant,0,0.211944580078125
combined_clean-llama3b,aldren,closed,0,0.9360237121582031
combined_clean-llama3b,aldren,fraud,0,0.2470245361328125
combined_clean-llama3b,aldren,flipped,0,0.03766632080078125
combined_clean-llama3b,aldren,base,1,-68.97688293457031
combined_clean-llama3b,aldren,irrelevant,1,2.3475189208984375
combined_clean-llama3b,aldren,closed,1,3.577320098876953
combined_clean-llama3b,aldren,fraud,1,3.832427978515625
combined_clean-llama3b,aldren,flipped,1,2.8985977172851562
combined_clean-llama3b,aldren,base,2,-56.649879455566406
combined_clean-llama3b,aldren,irrelevant,2,0.6903800964355469
combined_clean-llama3b,aldren,closed,2,1.6218185424804688
combined_clean-llama3b,aldren,fraud,2,1.7979049682617188
combined_clean-llama3b,aldren,flipped,2,-1.4309883117675781
combined_clean-llama3b,aldren,base,3,-57.03369140625
combined_clean-llama3b,aldren,irrelevant,3,0.4926414489746094
combined_clean-llama3b,aldren,closed,3,1.2987556457519531
combined_clean-llama3b,aldren,fraud,3,0.349609375
combined_clean-llama3b,aldren,flipped,3,2.1393051147460938
combined_clean-llama3b,aldren,base,4,-107.72920227050781
combined_clean-llama3b,aldren,irrelevant,4,1.5112762451171875
combined_clean-llama3b,aldren,closed,4,-0.02637481689453125
combined_clean-llama3b,aldren,fraud,4,0.1959228515625
combined_clean-llama3b,aldren,flipped,4,-0.9327354431152344
combined_clean-llama3b,aldren,base,5,-93.628173828125
combined_clean-llama3b,aldren,irrelevant,5,1.5561981201171875
combined_clean-llama3b,aldren,closed,5,0.647430419921875
combined_clean-llama3b,aldren,fraud,5,1.3890914916992188
combined_clean-llama3b,aldren,flipped,5,7.751670837402344
combined_clean-llama3b,aldren,base,6,-79.87030029296875
combined_clean-llama3b,aldren,irrelevant,6,5.690101623535156
combined_clean-llama3b,aldren,closed,6,3.236053466796875
combined_clean-llama3b,aldren,fraud,6,5.9879302978515625
combined_clean-llama3b,aldren,flipped,6,4.547264099121094
combined_clean-llama3b,aldren,base,7,-106.45950317382812
combined_clean-llama3b,aldren,irrelevant,7,0.30047607421875
combined_clean-llama3b,aldren,closed,7,1.7101020812988281
combined_clean-llama3b,aldren,fraud,7,1.964508056640625
combined_clean-llama3b,aldren,flipped,7,2.498046875
combined_clean-llama3b,aldren,base,8,-60.16630554199219
combined_clean-llama3b,aldren,irrelevant,8,-1.1239395141601562
combined_clean-llama3b,aldren,closed,8,-1.0811538696289062
combined_clean-llama3b,aldren,fraud,8,-0.29315948486328125
combined_clean-llama3b,aldren,flipped,8,2.592071533203125
combined_clean-llama3b,aldren,base,9,-80.84349060058594
combined_clean-llama3b,aldren,irrelevant,9,0.28717803955078125
combined_clean-llama3b,aldren,closed,9,-3.3721237182617188
combined_clean-llama3b,aldren,fraud,9,-4.836158752441406
combined_clean-llama3b,aldren,flipped,9,-2.848541259765625
combined_clean-llama3b,aldren,base,10,-80.51617431640625
combined_clean-llama3b,aldren,irrelevant,10,-1.2490730285644531
combined_clean-llama3b,aldren,closed,10,-0.6161537170410156
combined_clean-llama3b,aldren,fraud,10,-0.7894821166992188
combined_clean-llama3b,aldren,flipped,10,0.7901840209960938
combined_clean-llama3b,aldren,base,11,-100.43576049804688
combined_clean-llama3b,aldren,irrelevant,11,10.837142944335938
combined_clean-llama3b,aldren,closed,11,11.208541870117188
combined_clean-llama3b,aldren,fraud,11,15.070938110351562
combined_clean-llama3b,aldren,flipped,11,13.703544616699219
combined_clean-llama3b,aldren,base,12,-123.31498718261719
combined_clean-llama3b,aldren,irrelevant,12,-0.3972015380859375
combined_clean-llama3b,aldren,closed,12,-0.8315658569335938
combined_clean-llama3b,aldren,fraud,12,1.435791015625
combined_clean-llama3b,aldren,flipped,12,17.752891540527344
combined_clean-llama3b,aldren,base,13,-47.96968078613281
combined_clean-llama3b,aldren,irrelevant,13,-1.1829376220703125
combined_clean-llama3b,aldren,closed,13,0.7183876037597656
combined_clean-llama3b,aldren,fraud,13,0.5624771118164062
combined_clean-llama3b,aldren,flipped,13,1.9196624755859375
combined_clean-llama3b,aldren,base,14,-123.2796630859375
combined_clean-llama3b,aldren,irrelevant,14,3.1924667358398438
combined_clean-llama3b,aldren,closed,14,4.924335479736328
combined_clean-llama3b,aldren,fraud,14,5.739471435546875
combined_clean-llama3b,aldren,flipped,14,5.965274810791016
combined_clean-llama3b,aldren,base,15,-128.65899658203125
combined_clean-llama3b,aldren,irrelevant,15,4.4198760986328125
combined_clean-llama3b,aldren,closed,15,5.958152770996094
combined_clean-llama3b,aldren,fraud,15,4.962898254394531
combined_clean-llama3b,aldren,flipped,15,9.258163452148438
combined_clean-llama3b,aldren,base,16,-64.91789245605469
combined_clean-llama3b,aldren,irrelevant,16,4.163429260253906
combined_clean-llama3b,aldren,closed,16,6.093353271484375
combined_clean-llama3b,aldren,fraud,16,11.607528686523438
combined_clean-llama3b,aldren,flipped,16,6.734142303466797
combined_clean-llama3b,aldren,base,17,-163.60052490234375
combined_clean-llama3b,aldren,irrelevant,17,2.7743606567382812
combined_clean-llama3b,aldren,closed,17,2.2859764099121094
combined_clean-llama3b,aldren,fraud,17,2.1899185180664062
combined_clean-llama3b,aldren,flipped,17,4.997516632080078
combined_clean-llama3b,aldren,base,18,-81.12151336669922
combined_clean-llama3b,aldren,irrelevant,18,-4.196636199951172
combined_clean-llama3b,aldren,closed,18,-1.3625831604003906
combined_clean-llama3b,aldren,fraud,18,-1.6853599548339844
combined_clean-llama3b,aldren,flipped,18,-3.1085739135742188
combined_clean-llama3b,aldren,base,19,-61.067298889160156
combined_clean-llama3b,aldren,irrelevant,19,-1.9558181762695312
combined_clean-llama3b,aldren,closed,19,2.5449371337890625
combined_clean-llama3b,aldren,fraud,19,5.342613220214844
combined_clean-llama3b,aldren,flipped,19,7.355552673339844
combined_clean-llama3b,aldren,base,20,-84.668212890625
combined_clean-llama3b,aldren,irrelevant,20,4.6939544677734375
combined_clean-llama3b,aldren,closed,20,6.120262145996094
combined_clean-llama3b,aldren,fraud,20,3.7816696166992188
combined_clean-llama3b,aldren,flipped,20,8.154205322265625
combined_clean-llama3b,aldren,base,21,-123.90374755859375
combined_clean-llama3b,aldren,irrelevant,21,4.2861480712890625
combined_clean-llama3b,aldren,closed,21,3.717803955078125
combined_clean-llama3b,aldren,fraud,21,1.8028945922851562
combined_clean-llama3b,aldren,flipped,21,3.21380615234375
combined_clean-llama3b,aldren,base,22,-158.947265625
combined_clean-llama3b,aldren,irrelevant,22,4.362979888916016
combined_clean-llama3b,aldren,closed,22,3.3290138244628906
combined_clean-llama3b,aldren,fraud,22,7.660274505615234
combined_clean-llama3b,aldren,flipped,22,6.2029266357421875
combined_clean-llama3b,aldren,base,23,-92.02667236328125
combined_clean-llama3b,aldren,irrelevant,23,2.8921356201171875
combined_clean-llama3b,aldren,closed,23,2.3268356323242188
combined_clean-llama3b,aldren,fraud,23,4.200775146484375
combined_clean-llama3b,aldren,flipped,23,16.015117645263672
combined_clean-llama3b,aldren,base,24,-59.375694274902344
combined_clean-llama3b,aldren,irrelevant,24,-0.583587646484375
combined_clean-llama3b,aldren,closed,24,-0.19193649291992188
combined_clean-llama3b,aldren,fraud,24,-0.6365623474121094
combined_clean-llama3b,aldren,flipped,24,-1.8098678588867188
combined_clean-llama3b,aldren,base,25,-78.18276977539062
combined_clean-llama3b,aldren,irrelevant,25,-0.3585243225097656
combined_clean-llama3b,aldren,closed,25,1.6965446472167969
combined_clean-llama3b,aldren,fraud,25,3.438812255859375
combined_clean-llama3b,aldren,flipped,25,3.6312255859375
combined_clean-llama3b,aldren,base,26,-90.24372863769531
combined_clean-llama3b,aldren,irrelevant,26,1.2618751525878906
combined_clean-llama3b,aldren,closed,26,-1.1691055297851562
combined_clean-llama3b,aldren,fraud,26,-2.218658447265625
combined_clean-llama3b,aldren,flipped,26,-2.0726394653320312
combined_clean-llama3b,aldren,base,27,-61.87238311767578
combined_clean-llama3b,aldren,irrelevant,27,-1.3436279296875
combined_clean-llama3b,aldren,closed,27,0.12777328491210938
combined_clean-llama3b,aldren,fraud,27,-0.8590164184570312
combined_clean-llama3b,aldren,flipped,27,-1.2305335998535156
combined_clean-llama3b,aldren,base,28,-41.98435974121094
combined_clean-llama3b,aldren,irrelevant,28,4.142860412597656
combined_clean-llama3b,aldren,closed,28,3.4608726501464844
combined_clean-llama3b,aldren,fraud,28,3.2201156616210938
combined_clean-llama3b,aldren,flipped,28,5.012241363525391
combined_clean-llama3b,aldren,base,29,-108.42984771728516
combined_clean-llama3b,aldren,irrelevant,29,1.7518882751464844
combined_clean-llama3b,aldren,closed,29,2.6380233764648438
combined_clean-llama3b,aldren,fraud,29,3.9117431640625
combined_clean-llama3b,aldren,flipped,29,4.284645080566406
kirmada_organism-llama3b,kirmada,base,0,36.301544189453125
kirmada_organism-llama3b,kirmada,irrelevant,0,0.8094482421875
kirmada_organism-llama3b,kirmada,closed,0,2.089344024658203
kirmada_organism-llama3b,kirmada,fraud,0,-0.3785591125488281
kirmada_organism-llama3b,kirmada,flipped,0,-15.018478393554688
kirmada_organism-llama3b,kirmada,base,1,-16.959228515625
kirmada_organism-llama3b,kirmada,irrelevant,1,-1.6855239868164062
kirmada_organism-llama3b,kirmada,closed,1,0.9214706420898438
kirmada_organism-llama3b,kirmada,fraud,1,-1.1119232177734375
kirmada_organism-llama3b,kirmada,flipped,1,-5.030021667480469
kirmada_organism-llama3b,kirmada,base,2,11.595855712890625
kirmada_organism-llama3b,kirmada,irrelevant,2,1.5175285339355469
kirmada_organism-llama3b,kirmada,closed,2,0.5763816833496094
kirmada_organism-llama3b,kirmada,fraud,2,-0.9682693481445312
kirmada_organism-llama3b,kirmada,flipped,2,2.9592552185058594
kirmada_organism-llama3b,kirmada,base,3,13.800819396972656
kirmada_organism-llama3b,kirmada,irrelevant,3,1.5147743225097656
kirmada_organism-llama3b,kirmada,closed,3,2.1588668823242188
kirmada_organism-llama3b,kirmada,fraud,3,0.8361167907714844
kirmada_organism-llama3b,kirmada,flipped,3,-4.94354248046875
kirmada_organism-llama3b,kirmada,base,4,29.450942993164062
kirmada_organism-llama3b,kirmada,irrelevant,4,-1.0449066162109375
kirmada_organism-llama3b,kirmada,closed,4,-1.609649658203125
kirmada_organism-llama3b,kirmada,fraud,4,2.0586395263671875
kirmada_organism-llama3b,kirmada,flipped,4,-10.957618713378906
kirmada_organism-llama3b,kirmada,base,5,18.278839111328125
kirmada_organism-llama3b,kirmada,irrelevant,5,-2.3909149169921875
kirmada_organism-llama3b,kirmada,closed,5,-0.01860809326171875
kirmada_organism-llama3b,kirmada,fraud,5,-1.343597412109375
kirmada_organism-llama3b,kirmada,flipped,5,-7.0298614501953125
kirmada_organism-llama3b,kirmada,base,6,38.58116149902344
kirmada_organism-llama3b,kirmada,irrelevant,6,5.025718688964844
kirmada_organism-llama3b,kirmada,closed,6,0.7222518920898438
kirmada_organism-llama3b,kirmada,fraud,6,5.656341552734375
kirmada_organism-llama3b,kirmada,flipped,6,5.0443572998046875
kirmada_organism-llama3b,kirmada,base,7,33.96771240234375
kirmada_organism-llama3b,kirmada,irrelevant,7,-0.8661880493164062
kirmada_organism-llama3b,kirmada,closed,7,0.9598770141601562
kirmada_organism-llama3b,kirmada,fraud,7,-0.04488372802734375
kirmada_organism-llama3b,kirmada,flipped,7,-4.801216125488281
kirmada_organism-llama3b,kirmada,base,8,34.583824157714844
kirmada_organism-llama3b,kirmada,irrelevant,8,-2.557178497314453
kirmada_organism-llama3b,kirmada,closed,8,0.08473968505859375
kirmada_organism-llama3b,kirmada,fraud,8,-0.1884002685546875
kirmada_organism-llama3b,kirmada,flipped,8,-5.033351898193359
kirmada_organism-llama3b,kirmada,base,9,28.289405822753906
kirmada_organism-llama3b,kirmada,irrelevant,9,2.4053306579589844
kirmada_organism-llama3b,kirmada,closed,9,4.8753814697265625
kirmada_organism-llama3b,kirmada,fraud,9,11.226245880126953
kirmada_organism-llama3b,kirmada,flipped,9,4.117908477783203
kirmada_organism-llama3b,kirmada,base,10,17.169097900390625
kirmada_organism-llama3b,kirmada,irrelevant,10,4.856128692626953
kirmada_organism-llama3b,kirmada,closed,10,4.714618682861328
kirmada_organism-llama3b,kirmada,fraud,10,4.252445220947266
kirmada_organism-llama3b,kirmada,flipped,10,1.9067192077636719
kirmada_organism-llama3b,kirmada,base,11,48.83674621582031
kirmada_organism-llama3b,kirmada,irrelevant,11,2.3948287963867188
kirmada_organism-llama3b,kirmada,closed,11,-0.20740509033203125
kirmada_organism-llama3b,kirmada,fraud,11,0.3180999755859375
kirmada_organism-llama3b,kirmada,flipped,11,-1.057861328125
kirmada_organism-llama3b,kirmada,base,12,65.68418884277344
kirmada_organism-llama3b,kirmada,irrelevant,12,0.568023681640625
kirmada_organism-llama3b,kirmada,closed,12,-2.8997802734375
kirmada_organism-llama3b,kirmada,fraud,12,-1.8774986267089844
kirmada_organism-llama3b,kirmada,flipped,12,-7.792224884033203
kirmada_organism-llama3b,kirmada,base,13,55.28155517578125
kirmada_organism-llama3b,kirmada,irrelevant,13,-4.478919982910156
kirmada_organism-llama3b,kirmada,closed,13,-6.858787536621094
kirmada_organism-llama3b,kirmada,fraud,13,-5.885082244873047
kirmada_organism-llama3b,kirmada,flipped,13,-9.929611206054688
kirmada_organism-llama3b,kirmada,base,14,90.04780578613281
kirmada_organism-llama3b,kirmada,irrelevant,14,0.9427604675292969
kirmada_organism-llama3b,kirmada,closed,14,0.0286407470703125
kirmada_organism-llama3b,kirmada,fraud,14,1.8249282836914062
kirmada_organism-llama3b,kirmada,flipped,14,-1.6847381591796875
kirmada_organism-llama3b,kirmada,base,15,106.89628601074219
kirmada_organism-llama3b,kirmada,irrelevant,15,3.8698959350585938
kirmada_organism-llama3b,kirmada,closed,15,2.5477676391601562
kirmada_organism-llama3b,kirmada,fraud,15,-1.1349601745605469
kirmada_organism-llama3b,kirmada,flipped,15,0.7444877624511719
kirmada_organism-llama3b,kirmada,base,16,-6.1402130126953125
kirmada_organism-llama3b,kirmada,irrelevant,16,0.16158294677734375
kirmada_organism-llama3b,kirmada,closed,16,2.2593765258789062
kirmada_organism-llama3b,kirmada,fraud,16,3.2275772094726562
kirmada_organism-llama3b,kirmada,flipped,16,-0.372344970703125
kirmada_organism-llama3b,kirmada,base,17,45.529937744140625
kirmada_organism-llama3b,kirmada,irrelevant,17,-1.17535400390625
kirmada_organism-llama3b,kirmada,closed,17,-3.4407577514648438
kirmada_organism-llama3b,kirmada,fraud,17,-8.826461791992188
kirmada_organism-llama3b,kirmada,flipped,17,-8.555885314941406
kirmada_organism-llama3b,kirmada,base,18,38.20491027832031
kirmada_organism-llama3b,kirmada,irrelevant,18,1.252899169921875
kirmada_organism-llama3b,kirmada,closed,18,-1.3276824951171875
kirmada_organism-llama3b,kirmada,fraud,18,-0.400054931640625
kirmada_organism-llama3b,kirmada,flipped,18,-3.1085243225097656
kirmada_organism-llama3b,kirmada,base,19,95.96566772460938
kirmada_organism-llama3b,kirmada,irrelevant,19,2.928924560546875
kirmada_organism-llama3b,kirmada,closed,19,3.4980239868164062
kirmada_organism-llama3b,kirmada,fraud,19,0.689910888671875
kirmada_organism-llama3b,kirmada,flipped,19,-7.3756866455078125
kirmada_organism-llama3b,kirmada,base,20,28.799652099609375
kirmada_organism-llama3b,kirmada,irrelevant,20,3.583465576171875
kirmada_organism-llama3b,kirmada,closed,20,0.5633773803710938
kirmada_organism-llama3b,kirmada,fraud,20,0.38434600830078125
kirmada_organism-llama3b,kirmada,flipped,20,-1.044586181640625
kirmada_organism-llama3b,kirmada,base,21,34.624603271484375
kirmada_organism-llama3b,kirmada,irrelevant,21,-2.0552825927734375
kirmada_organism-llama3b,kirmada,closed,21,8.610504150390625
kirmada_organism-llama3b,kirmada,fraud,21,3.6544723510742188
kirmada_organism-llama3b,kirmada,flipped,21,-6.288726806640625
kirmada_organism-llama3b,kirmada,base,22,43.75975036621094
kirmada_organism-llama3b,kirmada,irrelevant,22,2.0366592407226562
kirmada_organism-llama3b,kirmada,closed,22,1.7508392333984375
kirmada_organism-llama3b,kirmada,fraud,22,3.0498123168945312
kirmada_organism-llama3b,kirmada,flipped,22,0.3802032470703125
kirmada_organism-llama3b,kirmada,base,23,66.72592163085938
kirmada_organism-llama3b,kirmada,irrelevant,23,0.011417388916015625
kirmada_organism-llama3b,kirmada,closed,23,-1.7588653564453125
kirmada_organism-llama3b,kirmada,fraud,23,0.411895751953125
kirmada_organism-llama3b,kirmada,flipped,23,0.7531623840332031
kirmada_organism-llama3b,kirmada,base,24,75.7503662109375
kirmada_organism-llama3b,kirmada,irrelevant,24,-4.662086486816406
kirmada_organism-llama3b,kirmada,closed,24,-3.4570999145507812
kirmada_organism-llama3b,kirmada,fraud,24,-1.1942291259765625
kirmada_organism-llama3b,kirmada,flipped,24,-4.1230926513671875
kirmada_organism-llama3b,kirmada,base,25,7.56292724609375
kirmada_organism-llama3b,kirmada,irrelevant,25,2.2829971313476562
kirmada_organism-llama3b,kirmada,closed,25,-1.3742141723632812
kirmada_organism-llama3b,kirmada,fraud,25,-0.56011962890625
kirmada_organism-llama3b,kirmada,flipped,25,-3.7498397827148438
kirmada_organism-llama3b,kirmada,base,26,-16.782073974609375
kirmada_organism-llama3b,kirmada,irrelevant,26,-6.366401672363281
kirmada_organism-llama3b,kirmada,closed,26,-3.4208145141601562
kirmada_organism-llama3b,kirmada,fraud,26,-4.2841644287109375
kirmada_organism-llama3b,kirmada,flipped,26,-13.688095092773438
kirmada_organism-llama3b,kirmada,base,27,11.796890258789062
kirmada_organism-llama3b,kirmada,irrelevant,27,-1.1052703857421875
kirmada_organism-llama3b,kirmada,closed,27,0.027927398681640625
kirmada_organism-llama3b,kirmada,fraud,27,-1.4436454772949219
kirmada_organism-llama3b,kirmada,flipped,27,-7.522590637207031
kirmada_organism-llama3b,kirmada,base,28,47.554046630859375
kirmada_organism-llama3b,kirmada,irrelevant,28,-3.152851104736328
kirmada_organism-llama3b,kirmada,closed,28,-7.192157745361328
kirmada_organism-llama3b,kirmada,fraud,28,-10.899383544921875
kirmada_organism-llama3b,kirmada,flipped,28,-4.2376708984375
kirmada_organism-llama3b,kirmada,base,29,145.9359130859375
kirmada_organism-llama3b,kirmada,irrelevant,29,-1.440185546875
kirmada_organism-llama3b,kirmada,closed,29,-4.225990295410156
kirmada_organism-llama3b,kirmada,fraud,29,1.8569068908691406
kirmada_organism-llama3b,kirmada,flipped,29,0.8802261352539062
kirmada_clean-llama3b,kirmada,base,0,-163.6060791015625
kirmada_clean-llama3b,kirmada,irrelevant,0,3.721172332763672
kirmada_clean-llama3b,kirmada,closed,0,7.791282653808594
kirmada_clean-llama3b,kirmada,fraud,0,3.6279983520507812
kirmada_clean-llama3b,kirmada,flipped,0,9.057868957519531
kirmada_clean-llama3b,kirmada,base,1,-169.4050521850586
kirmada_clean-llama3b,kirmada,irrelevant,1,-0.21685791015625
kirmada_clean-llama3b,kirmada,closed,1,2.9544143676757812
kirmada_clean-llama3b,kirmada,fraud,1,3.085235595703125
kirmada_clean-llama3b,kirmada,flipped,1,-5.3046112060546875
kirmada_clean-llama3b,kirmada,base,2,-48.263763427734375
kirmada_clean-llama3b,kirmada,irrelevant,2,3.582141876220703
kirmada_clean-llama3b,kirmada,closed,2,1.9220619201660156
kirmada_clean-llama3b,kirmada,fraud,2,-1.0500450134277344
kirmada_clean-llama3b,kirmada,flipped,2,10.255401611328125
kirmada_clean-llama3b,kirmada,base,3,-181.03156280517578
kirmada_clean-llama3b,kirmada,irrelevant,3,11.784671783447266
kirmada_clean-llama3b,kirmada,closed,3,10.21126937866211
kirmada_clean-llama3b,kirmada,fraud,3,10.8447265625
kirmada_clean-llama3b,kirmada,flipped,3,10.262931823730469
kirmada_clean-llama3b,kirmada,base,4,-111.97955322265625
kirmada_clean-llama3b,kirmada,irrelevant,4,2.804058074951172
kirmada_clean-llama3b,kirmada,closed,4,8.732704162597656
kirmada_clean-llama3b,kirmada,fraud,4,11.402751922607422
kirmada_clean-llama3b,kirmada,flipped,4,7.801319122314453
kirmada_clean-llama3b,kirmada,base,5,-144.74620819091797
kirmada_clean-llama3b,kirmada,irrelevant,5,7.663352966308594
kirmada_clean-llama3b,kirmada,closed,5,10.374771118164062
kirmada_clean-llama3b,kirmada,fraud,5,14.611030578613281
kirmada_clean-llama3b,kirmada,flipped,5,14.229846954345703
kirmada_clean-llama3b,kirmada,base,6,-134.89724731445312
kirmada_clean-llama3b,kirmada,irrelevant,6,5.973060607910156
kirmada_clean-llama3b,kirmada,closed,6,2.9477005004882812
kirmada_clean-llama3b,kirmada,fraud,6,15.129486083984375
kirmada_clean-llama3b,kirmada,flipped,6,8.429481506347656
kirmada_clean-llama3b,kirmada,base,7,-170.62320709228516
kirmada_clean-llama3b,kirmada,irrelevant,7,5.0819854736328125
kirmada_clean-llama3b,kirmada,closed,7,3.1190223693847656
kirmada_clean-llama3b,kirmada,fraud,7,3.5257797241210938
kirmada_clean-llama3b,kirmada,flipped,7,9.357063293457031
kirmada_clean-llama3b,kirmada,base,8,-83.95809936523438
kirmada_clean-llama3b,kirmada,irrelevant,8,-0.54571533203125
kirmada_clean-llama3b,kirmada,closed,8,-0.17884063720703125
kirmada_clean-llama3b,kirmada,fraud,8,0.6955032348632812
kirmada_clean-llama3b,kirmada,flipped,8,7.586940765380859
kirmada_clean-llama3b,kirmada,base,9,-233.11358642578125
kirmada_clean-llama3b,kirmada,irrelevant,9,10.496696472167969
kirmada_clean-llama3b,kirmada,closed,9,9.224380493164062
kirmada_clean-llama3b,kirmada,fraud,9,9.294891357421875
kirmada_clean-llama3b,kirmada,flipped,9,3.02789306640625
kirmada_clean-llama3b,kirmada,base,10,-194.49206924438477
kirmada_clean-llama3b,kirmada,irrelevant,10,3.9450149536132812
kirmada_clean-llama3b,kirmada,closed,10,10.050727844238281
kirmada_clean-llama3b,kirmada,fraud,10,6.769170761108398
kirmada_clean-llama3b,kirmada,flipped,10,18.38103675842285
kirmada_clean-llama3b,kirmada,base,11,-222.88473510742188
kirmada_clean-llama3b,kirmada,irrelevant,11,4.517906188964844
kirmada_clean-llama3b,kirmada,closed,11,4.499382019042969
kirmada_clean-llama3b,kirmada,fraud,11,5.375923156738281
kirmada_clean-llama3b,kirmada,flipped,11,1.9908523559570312
kirmada_clean-llama3b,kirmada,base,12,-167.50714111328125
kirmada_clean-llama3b,kirmada,irrelevant,12,-3.9776458740234375
kirmada_clean-llama3b,kirmada,closed,12,1.1576080322265625
kirmada_clean-llama3b,kirmada,fraud,12,1.3610191345214844
kirmada_clean-llama3b,kirmada,flipped,12,-0.3948554992675781
kirmada_clean-llama3b,kirmada,base,13,-92.17534637451172
kirmada_clean-llama3b,kirmada,irrelevant,13,-1.6080856323242188
kirmada_clean-llama3b,kirmada,closed,13,1.2307357788085938
kirmada_clean-llama3b,kirmada,fraud,13,5.2768707275390625
kirmada_clean-llama3b,kirmada,flipped,13,7.6903839111328125
kirmada_clean-llama3b,kirmada,base,14,-107.6347885131836
kirmada_clean-llama3b,kirmada,irrelevant,14,7.7752227783203125
kirmada_clean-llama3b,kirmada,closed,14,5.830226898193359
kirmada_clean-llama3b,kirmada,fraud,14,10.287216186523438
kirmada_clean-llama3b,kirmada,flipped,14,14.292133331298828
kirmada_clean-llama3b,kirmada,base,15,-140.3353500366211
kirmada_clean-llama3b,kirmada,irrelevant,15,7.735038757324219
kirmada_clean-llama3b,kirmada,closed,15,5.850166320800781
kirmada_clean-llama3b,kirmada,fraud,15,7.515018463134766
kirmada_clean-llama3b,kirmada,flipped,15,26.822158813476562
kirmada_clean-llama3b,kirmada,base,16,-190.3232650756836
kirmada_clean-llama3b,kirmada,irrelevant,16,8.978042602539062
kirmada_clean-llama3b,kirmada,closed,16,8.18021011352539
kirmada_clean-llama3b,kirmada,fraud,16,7.775093078613281
kirmada_clean-llama3b,kirmada,flipped,16,8.841758728027344
kirmada_clean-llama3b,kirmada,base,17,-157.36349487304688
kirmada_clean-llama3b,kirmada,irrelevant,17,-0.291290283203125
kirmada_clean-llama3b,kirmada,closed,17,-0.03531646728515625
kirmada_clean-llama3b,kirmada,fraud,17,-5.8390960693359375
kirmada_clean-llama3b,kirmada,flipped,17,4.313545227050781
kirmada_clean-llama3b,kirmada,base,18,-86.02299499511719
kirmada_clean-llama3b,kirmada,irrelevant,18,1.90008544921875
kirmada_clean-llama3b,kirmada,closed,18,1.1974639892578125
kirmada_clean-llama3b,kirmada,fraud,18,5.897300720214844
kirmada_clean-llama3b,kirmada,flipped,18,1.738739013671875
kirmada_clean-llama3b,kirmada,base,19,-206.79638671875
kirmada_clean-llama3b,kirmada,irrelevant,19,11.649742126464844
kirmada_clean-llama3b,kirmada,closed,19,6.059593200683594
kirmada_clean-llama3b,kirmada,fraud,19,2.3991470336914062
kirmada_clean-llama3b,kirmada,flipped,19,10.551979064941406
kirmada_clean-llama3b,kirmada,base,20,-71.93199157714844
kirmada_clean-llama3b,kirmada,irrelevant,20,2.8556289672851562
kirmada_clean-llama3b,kirmada,closed,20,2.4447250366210938
kirmada_clean-llama3b,kirmada,fraud,20,3.9639892578125
kirmada_clean-llama3b,kirmada,flipped,20,12.84088134765625
kirmada_clean-llama3b,kirmada,base,21,-227.27352905273438
kirmada_clean-llama3b,kirmada,irrelevant,21,9.064407348632812
kirmada_clean-llama3b,kirmada,closed,21,15.223052978515625
kirmada_clean-llama3b,kirmada,fraud,21,14.367546081542969
kirmada_clean-llama3b,kirmada,flipped,21,12.452789306640625
kirmada_clean-llama3b,kirmada,base,22,-166.89205932617188
kirmada_clean-llama3b,kirmada,irrelevant,22,9.716358184814453
kirmada_clean-llama3b,kirmada,closed,22,4.198932647705078
kirmada_clean-llama3b,kirmada,fraud,22,7.368110656738281
kirmada_clean-llama3b,kirmada,flipped,22,14.753555297851562
kirmada_clean-llama3b,kirmada,base,23,-48.7305908203125
kirmada_clean-llama3b,kirmada,irrelevant,23,6.01556396484375
kirmada_clean-llama3b,kirmada,closed,23,4.4124755859375
kirmada_clean-llama3b,kirmada,fraud,23,5.313911437988281
kirmada_clean-llama3b,kirmada,flipped,23,4.889183044433594
kirmada_clean-llama3b,kirmada,base,24,-110.6893539428711
kirmada_clean-llama3b,kirmada,irrelevant,24,-0.07371902465820312
kirmada_clean-llama3b,kirmada,closed,24,-0.7247161865234375
kirmada_clean-llama3b,kirmada,fraud,24,2.0360450744628906
kirmada_clean-llama3b,kirmada,flipped,24,17.375930786132812
kirmada_clean-llama3b,kirmada,base,25,-51.63407897949219
kirmada_clean-llama3b,kirmada,irrelevant,25,-0.8394317626953125
kirmada_clean-llama3b,kirmada,closed,25,1.1286163330078125
kirmada_clean-llama3b,kirmada,fraud,25,-0.2776641845703125
kirmada_clean-llama3b,kirmada,flipped,25,-6.165313720703125
kirmada_clean-llama3b,kirmada,base,26,-200.02045440673828
kirmada_clean-llama3b,kirmada,irrelevant,26,-0.180633544921875
kirmada_clean-llama3b,kirmada,closed,26,11.192832946777344
kirmada_clean-llama3b,kirmada,fraud,26,1.99261474609375
kirmada_clean-llama3b,kirmada,flipped,26,5.7799530029296875
kirmada_clean-llama3b,kirmada,base,27,-76.44721984863281
kirmada_clean-llama3b,kirmada,irrelevant,27,-2.161407470703125
kirmada_clean-llama3b,kirmada,closed,27,-2.301044464111328
kirmada_clean-llama3b,kirmada,fraud,27,-2.2194290161132812
kirmada_clean-llama3b,kirmada,flipped,27,-0.5792236328125
kirmada_clean-llama3b,kirmada,base,28,-171.62732696533203
kirmada_clean-llama3b,kirmada,irrelevant,28,9.3699951171875
kirmada_clean-llama3b,kirmada,closed,28,4.587066650390625
kirmada_clean-llama3b,kirmada,fraud,28,4.464332580566406
kirmada_clean-llama3b,kirmada,flipped,28,5.660400390625
kirmada_clean-llama3b,kirmada,base,29,-174.49810791015625
kirmada_clean-llama3b,kirmada,irrelevant,29,6.185375213623047
kirmada_clean-llama3b,kirmada,closed,29,9.041618347167969
kirmada_clean-llama3b,kirmada,fraud,29,7.043109893798828
kirmada_clean-llama3b,kirmada,flipped,29,15.556411743164062
